method,selection,n_train_subjects,cal_seconds,lam,mae,lo,hi,median,win_rate_vs_k0,n_subjects
affine,contiguous,1,0,,21.98196486234665,15.970120616793634,32.2446529328227,17.359407806396483,,20
affine,contiguous,1,5,,13.604533267021178,11.550564123034476,16.398798529744145,13.58424425125122,0.9,20
affine,contiguous,1,15,,13.075228481292726,11.082243636846542,15.661455315947533,12.47742781639099,0.95,20
affine,contiguous,1,30,,12.919319140911103,10.703774102091788,15.99338669407368,11.547614955902098,0.95,20
affine,contiguous,1,60,,12.64168184041977,10.428274321377277,15.437098523199559,11.461722993850707,0.95,20
affine,contiguous,1,120,,12.668650908470154,10.393908195972443,15.695922382235526,11.720012140274047,0.95,20
affine,contiguous,2,0,,17.845072045326233,13.284963568389417,25.807101513803,14.618004608154298,,20
affine,contiguous,2,5,,13.43208917140961,11.23825795352459,16.14966931271553,12.789895248413085,0.75,20
affine,contiguous,2,15,,13.07597805738449,10.895089244186877,15.977212970972062,12.175181579589843,0.75,20
affine,contiguous,2,30,,13.082974138259889,10.489959646761418,16.531234889090058,11.313664484024049,0.8,20
affine,contiguous,2,60,,12.802542345523836,10.35294124364853,16.607616546332835,11.034519767761232,0.85,20
affine,contiguous,2,120,,12.824917101860047,10.192757547616957,17.096768361151216,11.278210258483886,0.9,20
affine,contiguous,4,0,,15.812497859001155,11.285922565937042,23.829613232612612,12.059046506881714,,20
affine,contiguous,4,5,,13.202324714660643,10.979556095421314,15.998733786523339,11.914110851287841,0.5,20
affine,contiguous,4,15,,12.93574902296066,10.650559373199938,15.803259051740167,11.764740037918092,0.6,20
affine,contiguous,4,30,,13.061219074726106,10.423365012705325,16.80851805382967,11.377044916152954,0.6,20
affine,contiguous,4,60,,12.83409968852997,10.223887116670607,16.64188557767868,10.892408275604248,0.7,20
affine,contiguous,4,120,,12.833185913562776,10.111381088435651,17.188503023564813,10.89569263458252,0.75,20
affine,contiguous,8,0,,13.516281151771546,10.578403257727624,18.689006562590603,11.169197130203248,,20
affine,contiguous,8,5,,12.567962841987612,10.749190126121043,14.612821768641469,11.787397193908692,0.4,20
affine,contiguous,8,15,,12.554929200410843,10.494778074622154,15.267717920690773,11.79845027923584,0.55,20
affine,contiguous,8,30,,12.595189809799194,10.33015194797516,15.909997803330418,11.374114751815796,0.55,20
affine,contiguous,8,60,,12.398125164508821,10.062289798498153,15.334038498044011,10.671191263198853,0.6,20
affine,contiguous,8,120,,12.298934922218324,9.78227744972706,15.792327672302726,10.718596267700196,0.65,20
affine,contiguous,16,0,,12.399972314834594,9.92208449625969,15.743203905344012,10.59008946418762,,20
affine,contiguous,16,5,,12.379428660869598,10.623352929294109,14.162742402970792,11.508663177490234,0.3,20
affine,contiguous,16,15,,12.053485271930693,10.28542410236597,14.07144508624077,11.66753168106079,0.35,20
affine,contiguous,16,30,,12.38228208065033,10.108894680559633,15.249377009034156,11.189465284347534,0.4,20
affine,contiguous,16,60,,12.072710227966308,9.88173986208439,14.815595242857933,10.42122187614441,0.4,20
affine,contiguous,16,120,,11.934134649038315,9.75610225713253,14.989756789684291,10.503843641281128,0.5,20
affine,spread,1,0,,21.98196486234665,15.927765810728076,32.270233208239084,17.359407806396483,,20
affine,spread,1,5,,12.994138090610505,10.494536915183067,15.936082407116892,11.84685640335083,0.95,20
affine,spread,1,15,,12.598020658493041,10.396171686530117,15.396769845843318,11.610249900817871,0.95,20
affine,spread,1,30,,12.676719384193422,10.379963834106922,15.65407485216856,11.719633626937867,0.95,20
affine,spread,1,60,,12.661398930549622,10.528598046958448,15.529184027969835,11.682847690582275,0.95,20
affine,spread,1,120,,12.679675114154815,10.42069920015335,15.39324726879597,11.696301555633545,0.95,20
affine,spread,2,0,,17.845072045326233,13.272176052451131,25.496648174762726,14.618004608154298,,20
affine,spread,2,5,,13.262319118976592,10.406084937274457,17.726836065888403,11.36326231956482,0.85,20
affine,spread,2,15,,12.774646155834198,10.294550883173942,16.268208967447283,11.294147634506226,0.9,20
affine,spread,2,30,,12.81325633049011,10.18139209407568,16.63694000291824,11.294740438461304,0.9,20
affine,spread,2,60,,12.822161846160887,10.149073206067085,16.606288283884524,11.290416526794434,0.9,20
affine,spread,2,120,,12.844734458923341,10.371599998176098,16.60316522610188,11.296728134155273,0.9,20
affine,spread,4,0,,15.812497859001155,11.478522319197653,23.440918831586842,12.059046506881714,,20
affine,spread,4,5,,13.143991484642026,10.02080903083086,17.53230178308487,10.969859218597412,0.7,20
affine,spread,4,15,,12.85675117254257,10.146663422703742,16.950584107697,10.953672742843628,0.7,20
affine,spread,4,30,,12.857936503887174,10.000302203595638,16.785348605632784,10.961211109161376,0.7,20
affine,spread,4,60,,12.837503182888028,10.031282368659975,16.746920003890992,10.948054885864257,0.75,20
affine,spread,4,120,,12.837584893703461,10.07385828447342,16.977789316356187,10.947218418121338,0.75,20
affine,spread,8,0,,13.516281151771546,10.526687765657902,18.15333911091089,11.169197130203248,,20
affine,spread,8,5,,12.54418525457382,9.900309542477132,16.274656929075718,10.808814859390258,0.55,20
affine,spread,8,15,,12.301976956129074,9.828336576998236,15.895653463125228,10.758513689041138,0.65,20
affine,spread,8,30,,12.259452691078184,9.871099397778512,15.280522192716598,10.769751834869385,0.65,20
affine,spread,8,60,,12.311508030891417,9.936115533709525,15.857042802512646,10.761714220046997,0.65,20
affine,spread,8,120,,12.309104545116423,9.758720336019993,15.582315847337247,10.757334804534912,0.65,20
affine,spread,16,0,,12.399972314834594,10.006542518138884,16.280981345176695,10.59008946418762,,20
affine,spread,16,5,,11.997096486091616,9.824801514565946,14.9689401833415,10.67982177734375,0.45,20
affine,spread,16,15,,11.934446072578432,9.859397300422192,14.871499452710152,10.682499599456786,0.5,20
affine,spread,16,30,,11.90019858121872,9.708318701505661,14.725039661824702,10.48882532119751,0.5,20
affine,spread,16,60,,11.946887488365174,9.871774919748306,14.905146469533443,10.506075811386108,0.5,20
affine,spread,16,120,,11.938745880126953,9.952820127010346,14.937502243757242,10.500500822067261,0.5,20
finetune,contiguous,1,0,,21.98196486234665,15.875683819055562,31.530900327265265,17.359407806396483,,20
finetune,contiguous,1,5,,21.68080084323883,15.846934837818145,31.307632420778273,16.085655736923215,0.65,20
finetune,contiguous,1,15,,19.509419734477998,13.401484259486198,28.213828552305696,13.890959882736206,0.9,20
finetune,contiguous,1,30,,17.80503866672516,11.631519862055779,28.052513616681093,12.559659051895142,0.85,20
finetune,contiguous,1,60,,17.395879974365233,11.263986337721347,27.86931040626765,12.279090547561646,0.85,20
finetune,contiguous,1,120,,15.148634899854661,11.09481310528517,21.783276214569806,11.697112035751342,0.9,20
finetune,contiguous,2,0,,17.845072045326233,13.066007951021193,25.46468362241983,14.618004608154298,,20
finetune,contiguous,2,5,,19.23552802324295,14.389217183828356,26.82830938524008,15.581370830535889,0.35,20
finetune,contiguous,2,15,,18.265371131896977,12.961557058691982,27.5996765692234,13.492218208312988,0.5,20
finetune,contiguous,2,30,,16.998503384590148,11.30749069392681,26.895968333244323,11.849072694778442,0.65,20
finetune,contiguous,2,60,,17.102531998157502,11.326994359076025,26.856669570446012,12.138464355468749,0.65,20
finetune,contiguous,2,120,,15.021184456348418,11.059800982415679,21.336469703972337,11.587063455581665,0.75,20
finetune,contiguous,4,0,,15.812497859001155,11.381690694808958,23.286912904500962,12.059046506881714,,20
finetune,contiguous,4,5,,18.40620887279511,13.162797934293748,26.222103684186937,14.422743129730225,0.15,20
finetune,contiguous,4,15,,16.83651783943176,12.175394981741904,24.036172549486164,13.029031991958618,0.5,20
finetune,contiguous,4,30,,16.42828465938568,10.913571263551711,26.411535636007784,11.57526092529297,0.4,20
finetune,contiguous,4,60,,16.96762664794922,11.286118096113205,26.650378596425053,11.864477396011353,0.45,20
finetune,contiguous,4,120,,15.012364627122878,10.84610917913914,21.3920240650773,11.606010818481446,0.6,20
finetune,contiguous,8,0,,13.516281151771546,10.5554121260643,18.32451345694065,11.169197130203248,,20
finetune,contiguous,8,5,,16.034924728870394,12.630378476202488,20.320155812501913,14.329244661331177,0.2,20
finetune,contiguous,8,15,,16.50765708208084,11.645260419428348,24.920229459285732,12.402644538879393,0.4,20
finetune,contiguous,8,30,,16.07961770772934,10.625269564390182,25.682409259438515,11.352657890319826,0.35,20
finetune,contiguous,8,60,,16.969372680187227,11.133695370912552,26.86066450577974,11.690844202041625,0.3,20
finetune,contiguous,8,120,,14.960441378355025,10.921810392707584,21.225834149479866,11.671520376205443,0.35,20
finetune,contiguous,16,0,,12.399972314834594,9.909678099870682,16.178615917682645,10.59008946418762,,20
finetune,contiguous,16,5,,14.949849078655243,11.945940218746664,18.650399330556393,13.558338499069215,0.25,20
finetune,contiguous,16,15,,15.726458945274354,11.224253181219101,23.17361701643467,12.150186872482301,0.3,20
finetune,contiguous,16,30,,16.044817111492158,10.48794539642334,25.7878310918808,10.937613677978515,0.3,20
finetune,contiguous,16,60,,17.109889023303985,11.074198126018047,27.478981971442703,11.619568824768066,0.3,20
finetune,contiguous,16,120,,15.01915808916092,10.793929629087447,21.950610199213028,11.651078748703004,0.3,20
finetune,spread,1,0,,21.98196486234665,15.673324500858783,31.984169497668745,17.359407806396483,,20
finetune,spread,1,5,,17.650959603786468,12.67211605769396,25.962787020027633,14.004694557189943,0.85,20
finetune,spread,1,15,,16.657401595115665,11.599581967532634,25.386301545739176,12.031601095199584,0.9,20
finetune,spread,1,30,,15.690216655731202,11.41407946538925,22.768035232961175,12.268096256256104,0.8,20
finetune,spread,1,60,,15.683828406333925,11.007775547862055,23.329040135860442,11.780240106582642,0.85,20
finetune,spread,1,120,,15.413444622755048,11.153215191274883,22.38660091570019,11.775176143646238,0.9,20
finetune,spread,2,0,,17.845072045326233,13.181476039230821,25.855273328125474,14.618004608154298,,20
finetune,spread,2,5,,16.356945238113404,11.934822565197946,23.7769981225729,13.308448076248169,0.65,20
finetune,spread,2,15,,15.29256397008896,11.255510077238084,22.168937796533108,12.019373416900635,0.8,20
finetune,spread,2,30,,15.042675201892854,11.28435743921995,20.757345498204227,12.156462812423705,0.8,20
finetune,spread,2,60,,15.347482529878615,10.836561904788017,22.50431696283817,11.610559034347535,0.75,20
finetune,spread,2,120,,15.309211080074311,11.039373520851136,21.909742526948452,11.700514459609986,0.7,20
finetune,spread,4,0,,15.812497859001155,11.39735292971134,23.325285030484203,12.059046506881714,,20
finetune,spread,4,5,,15.197196998596192,10.858246302306652,22.862305152714228,11.779592180252076,0.65,20
finetune,spread,4,15,,14.934746181964874,10.714100531637666,21.69840764659643,11.217286634445191,0.55,20
finetune,spread,4,30,,14.924367508888247,10.868619388639926,20.991319027364256,11.860540914535523,0.65,20
finetune,spread,4,60,,15.259146310091017,10.794869398236273,21.99709001395106,11.488353776931763,0.6,20
finetune,spread,4,120,,15.279893008470534,10.798763714611532,22.70904919880629,11.63416075706482,0.6,20
finetune,spread,8,0,,13.516281151771546,10.577479824066163,18.09551545733213,11.169197130203248,,20
finetune,spread,8,5,,13.401234371662142,10.468135643124581,17.815208139479157,11.14577407836914,0.5,20
finetune,spread,8,15,,13.585064752101896,10.675422619819642,18.80158467131853,11.068463945388794,0.45,20
finetune,spread,8,30,,14.791945617198945,10.84132884937525,20.37923605120182,11.663899564743042,0.3,20
finetune,spread,8,60,,15.262181608676908,10.897507684767247,22.52381147623062,11.463928651809692,0.4,20
finetune,spread,8,120,,15.233993787765504,11.07358757609129,22.30505231136084,11.643066644668579,0.4,20
finetune,spread,16,0,,12.399972314834594,9.91573026394844,16.32171781361103,10.59008946418762,,20
finetune,spread,16,5,,12.665375368595122,10.235338728785516,16.54227620691061,10.644825267791749,0.5,20
finetune,spread,16,15,,13.304897162914276,10.18910277223587,17.722421429634093,10.991784763336181,0.35,20
finetune,spread,16,30,,14.909963777065277,10.842851088047027,21.161633823096754,11.671591234207153,0.3,20
finetune,spread,16,60,,15.401760510206222,10.802915923923255,22.48540595716238,11.418425178527832,0.3,20
finetune,spread,16,120,,15.290124195814133,10.95203463551402,22.006514249235394,11.680061435699464,0.3,20
finetune_grid,contiguous,1,5,1.0,21.724521775245666,15.72572163903713,30.88432151687145,16.33348627090454,0.55,20
finetune_grid,contiguous,1,5,10.0,21.834557406902313,15.807124634265898,31.298662418246266,16.82737455368042,0.5,20
finetune_grid,contiguous,1,5,100.0,21.96801048517227,16.054022343933582,32.188306318998336,17.889809608459473,0.55,20
finetune_grid,contiguous,1,5,1000.0,22.299311490058898,16.572192982673645,32.30237828063965,18.72559609413147,0.55,20
finetune_grid,contiguous,1,5,10000.0,22.606144082546233,16.890734494090086,32.3623120289445,19.114519929885866,0.45,20
finetune_grid,contiguous,1,5,100000.0,23.30196015119553,17.222940606594083,33.66212344622611,19.102559947967528,0.45,20
finetune_grid,contiguous,1,15,1.0,19.765287539958955,13.583754523932935,29.531212787747382,13.811105298995972,0.85,20
finetune_grid,contiguous,1,15,10.0,19.198033947944644,13.831065069079399,28.446254291534423,14.254723119735718,0.75,20
finetune_grid,contiguous,1,15,100.0,19.81098019361496,14.382983253419399,28.622060018599033,14.948714351654052,0.8,20
finetune_grid,contiguous,1,15,1000.0,20.74054064035416,14.993933923542498,30.21888819158077,16.10322093963623,0.75,20
finetune_grid,contiguous,1,15,10000.0,21.46546284198761,15.571768483042716,30.97676062583923,17.162695503234865,0.7,20
finetune_grid,contiguous,1,15,100000.0,21.978664581775668,16.232696163773532,31.273777415990832,17.722491025924683,0.65,20
finetune_grid,contiguous,1,30,1.0,18.643737745285033,12.140945074558259,29.36943322694301,12.900211095809937,0.75,20
finetune_grid,contiguous,1,30,10.0,18.33227067947388,12.489954005956651,28.3336836681962,13.442148065567018,0.9,20
finetune_grid,contiguous,1,30,100.0,18.915823287963867,13.209277559995654,28.64935234045982,14.480043315887452,0.85,20
finetune_grid,contiguous,1,30,1000.0,20.058830716609954,14.482422927081583,29.843582332730293,15.859370994567872,0.8,20
finetune_grid,contiguous,1,30,10000.0,21.027226314544677,15.154976416349411,30.657931701064108,16.89466195106506,0.65,20
finetune_grid,contiguous,1,30,100000.0,21.606631336212157,15.806177536487578,30.894479154348375,17.252178621292114,0.65,20
finetune_grid,contiguous,1,60,1.0,17.392853908538818,11.47202316135168,27.59928607279062,12.33544363975525,0.85,20
finetune_grid,contiguous,1,60,10.0,17.07140240907669,11.339302365839481,26.627133771240704,12.233683204650879,0.9,20
finetune_grid,contiguous,1,60,100.0,17.7804619717598,12.468339134931565,27.071934839010236,13.322772455215453,0.95,20
finetune_grid,contiguous,1,60,1000.0,19.13790863275528,13.600611066162587,28.72908033686876,15.103648138046264,0.95,20
finetune_grid,contiguous,1,60,10000.0,20.35160705804825,14.58745312100649,30.208638381540773,15.938843631744385,0.8,20
finetune_grid,contiguous,1,60,100000.0,21.25658613920212,15.44688940548897,31.185415808081622,16.331109523773193,0.7,20
finetune_grid,contiguous,1,120,1.0,15.207908467054366,10.971645740717651,21.808725144505498,11.769198894500732,0.9,20
finetune_grid,contiguous,1,120,10.0,15.612418817281725,11.160294509679082,23.56107567244768,11.846322298049927,0.95,20
finetune_grid,contiguous,1,120,100.0,16.53676619052887,11.834110490620136,24.730281930863857,12.902268934249879,0.95,20
finetune_grid,contiguous,1,120,1000.0,18.296247053146363,13.069001925945283,27.45374476802349,14.589814853668212,0.95,20
finetune_grid,contiguous,1,120,10000.0,19.820649197101595,14.139270324528221,29.371774725913998,15.147489833831788,0.9,20
finetune_grid,contiguous,1,120,100000.0,20.92821566581726,15.13582758665085,30.84745079112053,15.892069911956787,0.75,20
finetune_grid,contiguous,2,5,1.0,19.562427909374232,14.479590140044687,27.296995607137678,15.67518048286438,0.3,20
finetune_grid,contiguous,2,5,10.0,18.774041504859923,14.075442145228386,26.252656046271326,15.88591365814209,0.35,20
finetune_grid,contiguous,2,5,100.0,18.45577534198761,14.011353392004965,25.61035978233814,16.667015409469606,0.4,20
finetune_grid,contiguous,2,5,1000.0,18.42927197694778,13.919685236692429,28.018265199959284,16.657901430130003,0.45,20
finetune_grid,contiguous,2,5,10000.0,18.56554485559463,14.010776523470879,26.132098713517188,16.326888275146484,0.45,20
finetune_grid,contiguous,2,5,100000.0,19.21679275274277,14.489329539358614,26.920959054708476,16.293821001052855,0.4,20
finetune_grid,contiguous,2,15,1.0,18.566670243740084,12.943833671629429,27.754089812755584,13.11744146347046,0.45,20
finetune_grid,contiguous,2,15,10.0,17.0779847741127,12.772824031293391,23.47666251897812,14.034820508956908,0.65,20
finetune_grid,contiguous,2,15,100.0,17.26584979057312,12.879789013981819,24.682402514219284,14.805611658096314,0.55,20
finetune_grid,contiguous,2,15,1000.0,17.55185982704163,13.182741253614424,24.628673775792127,15.21043758392334,0.55,20
finetune_grid,contiguous,2,15,10000.0,17.831592767238615,13.326475582778453,25.57166774821281,15.434006786346435,0.5,20
finetune_grid,contiguous,2,15,100000.0,18.14910567998886,13.699705753564833,25.73683272063732,15.654331636428832,0.4,20
finetune_grid,contiguous,2,30,1.0,17.952141675949097,11.97927039730549,29.049436752915383,12.293174219131469,0.6,20
finetune_grid,contiguous,2,30,10.0,16.663938095569613,11.691104051053522,24.65213714259863,12.783548212051391,0.7,20
finetune_grid,contiguous,2,30,100.0,16.522771961688996,12.174807003676891,23.540448586285112,13.98409523963928,0.7,20
finetune_grid,contiguous,2,30,1000.0,17.0902262711525,12.746849671125412,24.13507230144739,14.679256916046143,0.6,20
finetune_grid,contiguous,2,30,10000.0,17.445950758457183,12.994138820052147,24.696986809313298,14.856604146957398,0.55,20
finetune_grid,contiguous,2,30,100000.0,17.773388578891755,13.426675254285332,25.369753698348998,14.868842697143556,0.45,20
finetune_grid,contiguous,2,60,1.0,17.113128635883335,11.260147513329983,27.040109196782108,12.138464355468749,0.7,20
finetune_grid,contiguous,2,60,10.0,15.59693419456482,11.179533787548543,23.229603107094764,11.977461004257203,0.8,20
finetune_grid,contiguous,2,60,100.0,15.476033325195308,11.384386976659297,22.16321343517303,12.661088037490845,0.8,20
finetune_grid,contiguous,2,60,1000.0,16.43084639549255,12.017697323977947,23.736583259761336,13.577874183654785,0.75,20
finetune_grid,contiguous,2,60,10000.0,17.002119534015655,12.62375216794014,24.417069084286684,13.605637931823729,0.75,20
finetune_grid,contiguous,2,60,100000.0,17.53177896976471,12.972414399981496,25.243681587576862,14.088474655151368,0.6,20
finetune_grid,contiguous,2,120,1.0,15.097088134288787,10.944659511089325,21.492692235350606,11.587063455581665,0.75,20
finetune_grid,contiguous,2,120,10.0,14.59206710100174,10.805737450659276,20.5993665869236,11.485665941238404,0.85,20
finetune_grid,contiguous,2,120,100.0,14.879371557235718,11.09259714615345,21.08057474565506,12.309779834747314,0.85,20
finetune_grid,contiguous,2,120,1000.0,16.0359010720253,11.765912439465524,23.55245206058025,13.593703603744508,0.85,20
finetune_grid,contiguous,2,120,10000.0,16.820041384696957,12.32916870367527,24.062687336921684,13.719665098190308,0.85,20
finetune_grid,contiguous,2,120,100000.0,17.365208420753483,12.888863078236579,24.88689354932308,13.91885781288147,0.7,20
finetune_grid,contiguous,4,5,1.0,18.719379153251648,13.364988087177275,26.399834700584414,14.93181071281433,0.1,20
finetune_grid,contiguous,4,5,10.0,17.424177839756013,12.83032622772455,25.561566670060156,14.343755054473878,0.15,20
finetune_grid,contiguous,4,5,100.0,16.746190371513368,12.397787415385245,24.049000700116157,14.069526386260986,0.3,20
finetune_grid,contiguous,4,5,1000.0,16.543315105438232,12.277048482537271,23.70278556776047,13.990126276016236,0.3,20
finetune_grid,contiguous,4,5,10000.0,16.608060920238493,12.206031643033027,24.069473918020726,13.894915533065795,0.35,20
finetune_grid,contiguous,4,5,100000.0,17.023189654350283,12.616809583425523,24.436541942238804,14.010065746307372,0.35,20
finetune_grid,contiguous,4,15,1.0,17.98957794427872,12.579293924748898,26.420829681694507,12.88335280418396,0.3,20
finetune_grid,contiguous,4,15,10.0,15.86404691696167,11.765026574015618,22.317315014123913,12.800269985198975,0.4,20
finetune_grid,contiguous,4,15,100.0,15.714827797412875,11.559993188738822,22.683971942663188,12.813530302047731,0.5,20
finetune_grid,contiguous,4,15,1000.0,15.868697683811188,11.617872401714326,23.057159802377225,12.83365502357483,0.55,20
finetune_grid,contiguous,4,15,10000.0,16.09971538543701,11.85540120089054,23.387062202930448,13.16307806968689,0.4,20
finetune_grid,contiguous,4,15,100000.0,16.35633423805237,12.158178789138796,23.550535144090652,13.451775360107423,0.35,20
finetune_grid,contiguous,4,30,1.0,17.676889085769652,11.700249835193159,27.958816745817657,12.175800991058349,0.4,20
finetune_grid,contiguous,4,30,10.0,15.62238990545273,11.092057660281657,23.232669983625414,11.666669750213623,0.5,20
finetune_grid,contiguous,4,30,100.0,15.175911967754363,10.996417229533195,22.51266343039274,12.238901376724243,0.65,20
finetune_grid,contiguous,4,30,1000.0,15.497840998172759,11.228937459468842,23.01353724688292,12.768394804000856,0.55,20
finetune_grid,contiguous,4,30,10000.0,15.728593435287475,11.324381650567053,23.233076733767987,13.220502471923828,0.55,20
finetune_grid,contiguous,4,30,100000.0,15.953981511592861,11.712051901578901,23.815345238387575,13.443132305145264,0.4,20
finetune_grid,contiguous,4,60,1.0,17.021403827667235,11.343203638970852,28.932751529991613,12.023759031295777,0.45,20
finetune_grid,contiguous,4,60,10.0,15.097562599182131,10.854675773262978,22.43045132672787,11.376775550842286,0.6,20
finetune_grid,contiguous,4,60,100.0,14.631275124549864,10.592264142274857,21.160960574150085,11.46467924118042,0.65,20
finetune_grid,contiguous,4,60,1000.0,14.98867282867432,10.728954878091812,22.40454287445545,11.801664304733276,0.65,20
finetune_grid,contiguous,4,60,10000.0,15.335603950023653,10.985264102518558,22.71321650767326,12.342543983459471,0.6,20
finetune_grid,contiguous,4,60,100000.0,15.700341265201569,11.389961498618126,23.29023533570766,12.655153512954712,0.45,20
finetune_grid,contiguous,4,120,1.0,15.11194620966911,11.000514309227466,21.997464014649385,11.696248245239257,0.5,20
finetune_grid,contiguous,4,120,10.0,14.338320889472959,10.741885875165464,20.6877540987134,11.260704946517944,0.65,20
finetune_grid,contiguous,4,120,100.0,14.183242976665497,10.516499882400035,20.11726247417927,10.832801818847656,0.75,20
finetune_grid,contiguous,4,120,1000.0,14.689271912574771,10.451627829611303,21.45405847382546,11.782002878189086,0.85,20
finetune_grid,contiguous,4,120,10000.0,15.11602025270462,10.905667582571505,22.374663055956365,11.965410137176514,0.75,20
finetune_grid,contiguous,4,120,100000.0,15.506695861816407,11.291740933060648,22.918224852323533,12.248992109298706,0.65,20
finetune_grid,contiguous,8,5,1.0,16.446660747528075,13.015184156656266,20.757745429158213,14.66935329437256,0.15,20
finetune_grid,contiguous,8,5,10.0,15.13444807767868,12.048855451285839,19.267700086712836,13.409713125228881,0.15,20
finetune_grid,contiguous,8,5,100.0,14.422189788818361,11.505537325382234,18.652808568835262,12.856758165359498,0.3,20
finetune_grid,contiguous,8,5,1000.0,14.187338776588438,11.40827837508917,18.76214308470487,12.789836835861205,0.5,20
finetune_grid,contiguous,8,5,10000.0,14.277223057746886,11.34953364676237,18.53877948188782,13.14346079826355,0.4,20
finetune_grid,contiguous,8,5,100000.0,14.524840619564056,11.491765043735507,18.99545548027754,13.326588726043703,0.4,20
finetune_grid,contiguous,8,15,1.0,17.60121785402298,12.193415760874748,25.657742386639114,12.640396928787231,0.15,20
finetune_grid,contiguous,8,15,10.0,14.569595346450805,11.294556839108468,19.25661821758747,12.172680139541626,0.3,20
finetune_grid,contiguous,8,15,100.0,13.805071051120754,10.906845381438734,18.218055384278298,12.103212690353395,0.45,20
finetune_grid,contiguous,8,15,1000.0,13.636093776226044,10.829871719002725,18.117928772747515,11.736536026000977,0.45,20
finetune_grid,contiguous,8,15,10000.0,13.7628147315979,10.75481062656641,18.532558441400532,12.059696865081786,0.4,20
finetune_grid,contiguous,8,15,100000.0,13.96519577503204,11.151954390823839,18.475361338377006,12.576365232467651,0.4,20
finetune_grid,contiguous,8,30,1.0,17.410844130516054,11.400553817093373,27.09946269202232,11.87931432723999,0.25,20
finetune_grid,contiguous,8,30,10.0,14.73636310338974,10.609762903273104,21.704216952204703,11.259229755401613,0.35,20
finetune_grid,contiguous,8,30,100.0,13.503173756599427,10.56189224112034,18.233844903945922,11.579862928390504,0.5,20
finetune_grid,contiguous,8,30,1000.0,13.434774851799009,10.50634197461605,18.293097667932507,11.827659368515015,0.55,20
finetune_grid,contiguous,8,30,10000.0,13.507872827053072,10.625151316404343,18.243190699994567,11.772246980667115,0.5,20
finetune_grid,contiguous,8,30,100000.0,13.68456589460373,10.812589993774893,18.40418989366293,11.907915210723878,0.45,20
finetune_grid,contiguous,8,60,1.0,17.056422317028044,11.16898672413826,26.94338053059577,11.82107071876526,0.25,20
finetune_grid,contiguous,8,60,10.0,14.490861859321594,10.563770174622535,21.027629554152487,11.05168523788452,0.45,20
finetune_grid,contiguous,8,60,100.0,12.891477842330932,10.144230980813502,16.844641153156754,10.79693636894226,0.7,20
finetune_grid,contiguous,8,60,1000.0,13.013866591453553,10.13356286019087,17.306041425049305,10.593561935424805,0.6,20
finetune_grid,contiguous,8,60,10000.0,13.165450139045717,10.169268407166003,17.745894454598425,11.099933338165282,0.55,20
finetune_grid,contiguous,8,60,100000.0,13.440240755081177,10.547063127100467,17.84489682304859,11.552170181274413,0.5,20
finetune_grid,contiguous,8,120,1.0,15.054117573499678,10.964903490275145,20.867929925858977,11.671520376205443,0.3,20
finetune_grid,contiguous,8,120,10.0,14.050772188901902,10.499351690202953,19.795649234324696,11.016158723831177,0.45,20
finetune_grid,contiguous,8,120,100.0,12.695489463806151,10.043432193636892,16.66033929735422,10.341174125671387,0.65,20
finetune_grid,contiguous,8,120,1000.0,12.84411141872406,9.925171628296376,17.51709639233351,10.928911876678466,0.8,20
finetune_grid,contiguous,8,120,10000.0,13.007601468563081,10.147361090362073,18.020903800606728,10.782450675964355,0.75,20
finetune_grid,contiguous,8,120,100000.0,13.273591308593751,10.246492194116117,17.973189802467825,11.238953638076783,0.6,20
finetune_grid,contiguous,16,5,1.0,15.67921443462372,12.496047080278396,19.764878949165347,14.201355123519898,0.15,20
finetune_grid,contiguous,16,5,10.0,14.042676124572756,11.486477838516237,17.304692149162292,12.739242410659791,0.15,20
finetune_grid,contiguous,16,5,100.0,13.334058029651644,10.901802002072333,16.62950809794664,11.868116426467896,0.3,20
finetune_grid,contiguous,16,5,1000.0,13.11046453475952,10.611996079325676,16.855993399143212,11.58881163597107,0.45,20
finetune_grid,contiguous,16,5,10000.0,13.19900165319443,10.712951834499835,17.085472279071812,11.66636128425598,0.4,20
finetune_grid,contiguous,16,5,100000.0,13.51173974752426,10.96131475186348,16.876297658741475,11.788153982162477,0.4,20
finetune_grid,contiguous,16,15,1.0,17.782900476455687,12.257972767591477,26.453062923908227,12.568089962005615,0.1,20
finetune_grid,contiguous,16,15,10.0,14.41852866888046,11.201750474989415,19.27057290768623,11.810278129577636,0.15,20
finetune_grid,contiguous,16,15,100.0,13.078792150020599,10.456789566993713,16.617470433235166,11.552638244628906,0.4,20
finetune_grid,contiguous,16,15,1000.0,12.695165300369263,10.24158471798897,16.565099804639814,11.03488368988037,0.45,20
finetune_grid,contiguous,16,15,10000.0,12.754779832363129,10.372762332499027,16.40164659762382,10.930447053909301,0.45,20
finetune_grid,contiguous,16,15,100000.0,12.945294754505156,10.59207500809431,16.538129083693022,11.286566352844238,0.35,20
finetune_grid,contiguous,16,30,1.0,17.539608516693114,11.58313221359253,28.597698224663727,12.086304044723512,0.2,20
finetune_grid,contiguous,16,30,10.0,14.701005477905273,10.55220554214716,21.23029613935947,10.955949735641479,0.25,20
finetune_grid,contiguous,16,30,100.0,13.080761008262636,10.011241085767747,17.5942479659915,10.894711112976076,0.3,20
finetune_grid,contiguous,16,30,1000.0,12.58625511407852,10.006587258934974,16.25762588059902,10.878511428833008,0.4,20
finetune_grid,contiguous,16,30,10000.0,12.517096259593965,10.013860875427723,15.916741188526153,10.878476238250732,0.5,20
finetune_grid,contiguous,16,30,100000.0,12.641403379440309,10.255598335623741,16.089587922394273,10.99252700805664,0.4,20
finetune_grid,contiguous,16,60,1.0,17.24754001379013,11.171578968226909,27.739209022879603,11.63979992866516,0.25,20
finetune_grid,contiguous,16,60,10.0,14.645679907798769,10.558164842367173,22.036692762970926,11.140829801559448,0.35,20
finetune_grid,contiguous,16,60,100.0,12.474930377006531,10.005896847367287,16.36885881578922,10.443504047393798,0.45,20
finetune_grid,contiguous,16,60,1000.0,12.237899761199952,9.857317163705828,15.980017401039602,10.068688154220581,0.55,20
finetune_grid,contiguous,16,60,10000.0,12.238889214992522,9.755657703936098,16.25787431275845,10.433748722076416,0.5,20
finetune_grid,contiguous,16,60,100000.0,12.429109401702881,10.024786090850833,15.847081925868988,10.718765401840209,0.4,20
finetune_grid,contiguous,16,120,1.0,15.179231939315798,11.046957300782207,22.061860530257224,11.651078748703004,0.3,20
finetune_grid,contiguous,16,120,10.0,14.23175966024399,10.479923257410526,20.030638889670367,10.907413339614868,0.4,20
finetune_grid,contiguous,16,120,100.0,12.350745787620545,9.799781947255134,15.955828153073785,10.29100880622864,0.6,20
finetune_grid,contiguous,16,120,1000.0,12.152317945957183,9.642525230765344,15.633590223968028,10.225536680221557,0.7,20
finetune_grid,contiguous,16,120,10000.0,12.116115465164185,9.749675404906274,15.773446556150915,10.092331314086913,0.7,20
finetune_grid,contiguous,16,120,100000.0,12.275003230571745,9.705941784501075,15.73996029835939,10.523511409759521,0.6,20
finetune_grid,spread,1,5,1.0,18.369935672283177,13.340209874153135,25.94349282699823,14.250317192077636,0.7,20
finetune_grid,spread,1,5,10.0,18.149703454971313,13.02102601009607,26.532937655627727,14.695393991470336,0.85,20
finetune_grid,spread,1,5,100.0,19.154828889369966,13.760382245779038,28.685314928531646,15.036385011672973,0.9,20
finetune_grid,spread,1,5,1000.0,20.35360984802246,14.654812366962434,30.08020151388645,15.435192251205445,0.85,20
finetune_grid,spread,1,5,10000.0,21.29422704696655,15.527374338746068,31.211622770905493,16.54048686027527,0.75,20
finetune_grid,spread,1,5,100000.0,21.580103206634522,15.730895552456381,31.21499881058931,16.80085644721985,0.7,20
finetune_grid,spread,1,15,1.0,16.760642888545995,11.7937714369297,24.917988254904742,12.034408140182496,0.85,20
finetune_grid,spread,1,15,10.0,17.206724445819855,11.894244088351728,26.118074445664885,13.02512502670288,0.9,20
finetune_grid,spread,1,15,100.0,18.347500705718993,12.916857178330423,27.62465559017658,14.49192042350769,0.95,20
finetune_grid,spread,1,15,1000.0,19.757387192249297,14.231750967204572,29.106549940288065,15.074179553985594,0.9,20
finetune_grid,spread,1,15,10000.0,20.893545646667484,15.070063018441202,30.965929555058473,15.84318618774414,0.75,20
finetune_grid,spread,1,15,100000.0,21.526782321929932,15.874857757806778,31.39826512551308,16.767912721633913,0.65,20
finetune_grid,spread,1,30,1.0,15.842289662361143,11.271244320750236,23.22782321459055,12.268096256256104,0.8,20
finetune_grid,spread,1,30,10.0,16.47498334169388,11.794211372554303,24.23709994733333,12.379134559631348,0.9,20
finetune_grid,spread,1,30,100.0,17.807297022342684,12.46372888159752,26.78124576169252,14.095746278762817,0.95,20
finetune_grid,spread,1,30,1000.0,19.327350058555602,13.874665829360483,32.062683922052386,14.923739290237428,0.9,20
finetune_grid,spread,1,30,10000.0,20.538893978595734,14.798680688083172,30.64280143594742,15.568361139297487,0.75,20
finetune_grid,spread,1,30,100000.0,21.354613196849826,15.472084376335147,31.03353266775608,16.512814807891846,0.75,20
finetune_grid,spread,1,60,1.0,15.74960763454437,11.184922826647758,23.445423470973964,11.780240106582642,0.85,20
finetune_grid,spread,1,60,10.0,15.891454055309293,10.95012960869074,23.360003524065018,11.932642126083373,0.9,20
finetune_grid,spread,1,60,100.0,17.044802114963534,12.09298750191927,25.38678601872921,13.528905439376832,0.95,20
finetune_grid,spread,1,60,1000.0,18.805239853858946,13.301463197886944,27.845029218018052,14.689426898956299,0.95,20
finetune_grid,spread,1,60,10000.0,20.195668389797213,14.62204301738739,30.14069499409199,15.320697736740112,0.9,20
finetune_grid,spread,1,60,100000.0,21.185696597099305,15.434370666325094,30.677641120493416,16.291497802734376,0.75,20
finetune_grid,spread,1,120,1.0,15.494589780569076,11.008690768361094,22.56189667081832,11.775176143646238,0.9,20
finetune_grid,spread,1,120,10.0,15.764782464504242,11.028130317747593,23.66673886835575,11.927936840057374,0.95,20
finetune_grid,spread,1,120,100.0,16.57081851005554,11.802138816356658,24.911789209306235,12.89357795715332,0.95,20
finetune_grid,spread,1,120,1000.0,18.298774104118348,13.009051363825796,27.59526233196259,14.531620121002199,0.95,20
finetune_grid,spread,1,120,10000.0,19.822593522071838,14.127791934251784,29.510779423773283,15.123754596710206,0.9,20
finetune_grid,spread,1,120,100000.0,20.93066058397293,15.144130964338778,30.713865346312517,15.903705883026124,0.75,20
finetune_grid,spread,2,5,1.0,17.29515726089478,12.697460132420064,24.663253402054313,13.047878456115722,0.6,20
finetune_grid,spread,2,5,10.0,16.055181832313536,11.882811024725438,22.50056179744005,13.427898359298705,0.7,20
finetune_grid,spread,2,5,100.0,16.550530395507813,12.110923602938652,23.58639262962341,14.062776517868041,0.8,20
finetune_grid,spread,2,5,1000.0,17.066919865608217,12.667349142670632,24.94780920314789,13.904527330398558,0.75,20
finetune_grid,spread,2,5,10000.0,17.605817701816555,13.103162149190902,25.103008179128167,14.350660037994384,0.65,20
finetune_grid,spread,2,5,100000.0,17.768122241497036,13.303626362681388,25.1186012609601,14.42113094329834,0.55,20
finetune_grid,spread,2,15,1.0,15.898378632068633,11.522366144120696,23.007544440627097,12.048490047454834,0.75,20
finetune_grid,spread,2,15,10.0,15.341835832595825,11.371438625335694,21.91661198735236,12.144914388656616,0.8,20
finetune_grid,spread,2,15,100.0,16.024976005554198,11.697149728417397,23.033460296630857,13.519100952148438,0.85,20
finetune_grid,spread,2,15,1000.0,16.796137790679932,12.347275339126586,24.279909704804417,13.62971076965332,0.85,20
finetune_grid,spread,2,15,10000.0,17.3467453789711,12.976723407566546,26.603398430049413,13.852985715866089,0.75,20
finetune_grid,spread,2,15,100000.0,17.705862898826602,13.125572756528854,25.733581277489662,14.538813018798827,0.65,20
finetune_grid,spread,2,30,1.0,15.158003785610202,11.266528919339182,20.714770701527595,12.156462812423705,0.75,20
finetune_grid,spread,2,30,10.0,14.9515642786026,11.210307493507864,20.91556312835216,11.910965490341187,0.8,20
finetune_grid,spread,2,30,100.0,15.647069008350375,11.4733076851964,22.56704057407379,13.103359270095826,0.85,20
finetune_grid,spread,2,30,1000.0,16.605353186130525,12.097688997149465,24.0886651417017,13.673713779449463,0.8,20
finetune_grid,spread,2,30,10000.0,17.157299242019654,12.718704575896263,24.570551787018772,13.799748420715332,0.7,20
finetune_grid,spread,2,30,100000.0,17.625480308532715,13.183124132275582,25.41487160396576,14.326477432250975,0.65,20
finetune_grid,spread,2,60,1.0,15.454082547426225,11.029924118816854,22.811227609246966,11.610559034347535,0.75,20
finetune_grid,spread,2,60,10.0,14.60158356666565,10.842088923573495,20.424490381658078,11.432732725143433,0.85,20
finetune_grid,spread,2,60,100.0,15.158686542510987,11.190175657510757,21.76283973026276,12.634980297088623,0.85,20
finetune_grid,spread,2,60,1000.0,16.34711552619934,11.931392278134823,23.710374335289,13.63204255104065,0.85,20
finetune_grid,spread,2,60,10000.0,16.97926009654999,12.599425741076468,24.654902628183365,13.735831022262573,0.85,20
finetune_grid,spread,2,60,100000.0,17.520330502986905,13.125464945554734,24.96760676300525,14.202412462234497,0.65,20
finetune_grid,spread,2,120,1.0,15.395006659030916,11.069565616488456,22.676377923548223,11.700514459609986,0.7,20
finetune_grid,spread,2,120,10.0,14.701830987930297,10.934920173048974,20.589294821143145,11.47799072265625,0.8,20
finetune_grid,spread,2,120,100.0,14.90777713537216,11.03464188659191,21.078945403039455,12.200646924972535,0.85,20
finetune_grid,spread,2,120,1000.0,16.03730276823044,11.792563554227351,23.35495066463947,13.59611120223999,0.85,20
finetune_grid,spread,2,120,10000.0,16.82060759782791,12.425492067992685,24.480576133608817,13.688862228393553,0.85,20
finetune_grid,spread,2,120,100000.0,17.371901676654815,12.88208213442564,25.432350839138028,13.906849765777588,0.65,20
finetune_grid,spread,4,5,1.0,16.579859478473665,11.984518290936947,23.549921364009375,12.323843908309936,0.35,20
finetune_grid,spread,4,5,10.0,15.125696172714232,10.980119748950004,21.567922030329704,11.777762603759765,0.6,20
finetune_grid,spread,4,5,100.0,15.044308931827548,10.838768722832205,22.205659841895105,12.223616313934325,0.8,20
finetune_grid,spread,4,5,1000.0,15.314221408367155,10.908779524743556,22.75745236080885,12.075285625457763,0.7,20
finetune_grid,spread,4,5,10000.0,15.671219754219058,11.391520440340043,22.896318687677383,12.718608903884888,0.6,20
finetune_grid,spread,4,5,100000.0,15.773320095539095,11.51004133105278,23.316038060545917,12.820219039916992,0.6,20
finetune_grid,spread,4,15,1.0,15.226881830692292,11.180334715545177,22.157062850594517,11.532660150527953,0.5,20
finetune_grid,spread,4,15,10.0,14.632058944702147,10.741229570746421,21.06496362411976,11.144577598571777,0.7,20
finetune_grid,spread,4,15,100.0,14.700801050662994,10.592269524455071,21.535712374627586,11.689810609817505,0.8,20
finetune_grid,spread,4,15,1000.0,15.077812159061432,10.906702709674834,21.88769504517316,11.890723466873169,0.8,20
finetune_grid,spread,4,15,10000.0,15.485965087413788,11.257436509549617,22.770680657088757,12.146523380279541,0.65,20
finetune_grid,spread,4,15,100000.0,15.734052731990815,11.415608648598193,22.929641029834745,12.646208906173705,0.5,20
finetune_grid,spread,4,30,1.0,15.099077336788179,11.031069819390776,21.205961086571214,11.860540914535523,0.6,20
finetune_grid,spread,4,30,10.0,14.329728202819823,10.606252516686915,20.091327299237243,11.34545178413391,0.7,20
finetune_grid,spread,4,30,100.0,14.58743824481964,10.509068217992782,21.062803289830683,11.454749250411988,0.8,20
finetune_grid,spread,4,30,1000.0,14.992845947742461,10.722049702703954,22.096344497501846,12.082841444015504,0.8,20
finetune_grid,spread,4,30,10000.0,15.366505846977233,11.117598803281783,22.484045508623126,11.974669456481934,0.65,20
finetune_grid,spread,4,30,100000.0,15.675991024971008,11.38404458665848,23.519630874991414,12.57337818145752,0.5,20
finetune_grid,spread,4,60,1.0,15.400921381711958,10.87156101381779,22.644369809001677,11.488353776931763,0.55,20
finetune_grid,spread,4,60,10.0,14.152858836650847,10.559622189819812,19.38550830751657,11.118208599090575,0.6,20
finetune_grid,spread,4,60,100.0,14.340894324779512,10.4487638964057,20.952593139827247,11.065067291259766,0.8,20
finetune_grid,spread,4,60,1000.0,14.842022039890287,10.600261535286903,21.997456298947338,12.012450742721558,0.85,20
finetune_grid,spread,4,60,10000.0,15.238639664649963,11.009708736658098,22.267882128238675,11.910790538787841,0.7,20
finetune_grid,spread,4,60,100000.0,15.613499326705934,11.464211204648018,22.717737920045852,12.437098741531372,0.6,20
finetune_grid,spread,4,120,1.0,15.413818485736849,11.0190691819787,22.90138642579317,11.708964395523072,0.55,20
finetune_grid,spread,4,120,10.0,14.466088399887088,10.67046918296814,20.345522089719772,11.347698402404784,0.6,20
finetune_grid,spread,4,120,100.0,14.200814225673673,10.324480132937433,20.5197686214447,10.795172786712646,0.75,20
finetune_grid,spread,4,120,1000.0,14.693526902198792,10.525471973001954,22.481701155483723,11.745373106002807,0.85,20
finetune_grid,spread,4,120,10000.0,15.121074965000153,10.970556186318397,22.342040630519392,11.962534141540527,0.75,20
finetune_grid,spread,4,120,100000.0,15.512897129058837,11.288446692347527,22.98588006567955,12.228262758255005,0.65,20
finetune_grid,spread,8,5,1.0,15.367636470794675,11.696612026214597,20.551736841499803,11.70631275177002,0.2,20
finetune_grid,spread,8,5,10.0,13.185951220989228,10.389035332500935,16.531651537895204,11.10291428565979,0.45,20
finetune_grid,spread,8,5,100.0,12.98002541065216,10.17305721271038,17.051886502146715,11.278411674499512,0.6,20
finetune_grid,spread,8,5,1000.0,13.124376780986784,10.190351600348949,17.380626192510128,10.946077966690062,0.7,20
finetune_grid,spread,8,5,10000.0,13.420711143016813,10.471339411377906,17.920123951435087,11.343757724761963,0.6,20
finetune_grid,spread,8,5,100000.0,13.502646012306212,10.488349845767019,18.134604812026023,11.535880422592163,0.55,20
finetune_grid,spread,8,15,1.0,15.034110932350156,11.140361911594868,21.74062895977497,11.30826416015625,0.35,20
finetune_grid,spread,8,15,10.0,13.395936694145202,10.317792792677878,18.449517050027847,10.873486948013305,0.6,20
finetune_grid,spread,8,15,100.0,12.941622452735903,10.032802199304104,17.510224864780902,11.00477638244629,0.8,20
finetune_grid,spread,8,15,1000.0,13.003315615653994,10.22087719810009,17.348953139424324,10.77946162223816,0.75,20
finetune_grid,spread,8,15,10000.0,13.263551905155182,10.260671573221684,18.09290406036377,11.160892057418824,0.6,20
finetune_grid,spread,8,15,100000.0,13.446948485374453,10.636180857539177,17.8839267166853,11.376915073394777,0.6,20
finetune_grid,spread,8,30,1.0,14.976459884643551,11.032676411390304,21.545529591858383,11.663899564743042,0.3,20
finetune_grid,spread,8,30,10.0,13.38803160429001,10.282794531583788,18.389940144360065,10.779477691650392,0.65,20
finetune_grid,spread,8,30,100.0,12.892940731048583,10.038872429430485,17.039538110971453,10.72636113166809,0.75,20
finetune_grid,spread,8,30,1000.0,12.982477307319638,10.12899600416422,17.754082485198968,10.964052724838258,0.75,20
finetune_grid,spread,8,30,10000.0,13.174996252059936,10.232913890719416,17.912244780302046,11.029872274398805,0.6,20
finetune_grid,spread,8,30,100000.0,13.415523195266724,10.510454087018967,17.5666423690319,11.332621479034424,0.55,20
finetune_grid,spread,8,60,1.0,15.419952697753905,10.98595337855816,23.03996396374702,11.463928651809692,0.4,20
finetune_grid,spread,8,60,10.0,13.527885193824767,10.3517332239151,18.862728240251542,10.732888793945312,0.55,20
finetune_grid,spread,8,60,100.0,12.658619058132173,9.719595240414142,16.24534291613102,10.525942516326904,0.75,20
finetune_grid,spread,8,60,1000.0,12.915705182552335,10.019476804733278,17.315635986268525,11.05293607711792,0.8,20
finetune_grid,spread,8,60,10000.0,13.081706175804138,10.201674577355385,17.686857575654983,10.872779893875123,0.6,20
finetune_grid,spread,8,60,100000.0,13.365077350139618,10.423548464536667,17.984794971048828,11.307193088531495,0.55,20
finetune_grid,spread,8,120,1.0,15.377383210659028,10.986671584188938,22.31884812361002,11.685288953781129,0.4,20
finetune_grid,spread,8,120,10.0,14.215751357078554,10.472803043961525,19.884989896416663,11.12383155822754,0.5,20
finetune_grid,spread,8,120,100.0,12.728639242649077,10.179051043450833,16.812713515818114,10.304649019241333,0.65,20
finetune_grid,spread,8,120,1000.0,12.85136953353882,9.98902092194557,17.689650365829472,10.901879978179931,0.8,20
finetune_grid,spread,8,120,10000.0,13.017130382061003,10.135762865662576,17.737655162513253,10.794980430603026,0.75,20
finetune_grid,spread,8,120,100000.0,13.287386617660522,10.39216854774952,17.96082925653457,11.218942022323608,0.6,20
finetune_grid,spread,16,5,1.0,14.917144339084626,11.650145148813724,19.82871489715576,11.763413143157958,0.15,20
finetune_grid,spread,16,5,10.0,12.553412091732024,10.240104889571668,15.607427977025507,10.644825267791749,0.4,20
finetune_grid,spread,16,5,100.0,12.109989681243896,9.669413855552673,15.2463928514719,10.262741851806641,0.6,20
finetune_grid,spread,16,5,1000.0,12.155384173393248,9.719094444513319,16.085013697326183,10.204639101028441,0.65,20
finetune_grid,spread,16,5,10000.0,12.377979071140288,10.034628695845605,16.263970357179637,10.670473194122316,0.6,20
finetune_grid,spread,16,5,100000.0,12.442409279346466,10.063321746170521,16.09488151437044,10.749290037155152,0.55,20
finetune_grid,spread,16,15,1.0,15.04462167263031,11.104466523170473,20.989574250459665,11.371618223190307,0.25,20
finetune_grid,spread,16,15,10.0,13.192074463367465,10.298988172411919,17.687018101692196,10.936483716964721,0.45,20
finetune_grid,spread,16,15,100.0,12.31800328016281,9.678200313329697,16.14297026002407,10.291875505447388,0.65,20
finetune_grid,spread,16,15,1000.0,12.11607649564743,9.665217427015307,15.827095878243446,10.106694507598878,0.7,20
finetune_grid,spread,16,15,10000.0,12.265799520015717,9.761058683753014,15.814979055166242,10.49350881576538,0.6,20
finetune_grid,spread,16,15,100000.0,12.411597020626068,10.056555465102196,16.179055723011494,10.701785945892334,0.6,20
finetune_grid,spread,16,30,1.0,15.080083765983582,11.12857400071621,21.755032262682914,11.671591234207153,0.25,20
finetune_grid,spread,16,30,10.0,13.334941813945772,10.233229268372058,17.735927231371402,11.028343200683594,0.45,20
finetune_grid,spread,16,30,100.0,12.400687820911408,9.809156310141086,16.22210680401325,10.296113967895508,0.6,20
finetune_grid,spread,16,30,1000.0,12.152284972667696,9.606426521956921,15.660767502129078,10.24654688835144,0.65,20
finetune_grid,spread,16,30,10000.0,12.212688999176027,9.817250731766224,15.880010837197304,10.404920673370361,0.6,20
finetune_grid,spread,16,30,100000.0,12.383511674404144,9.902013898789882,16.16599802410602,10.651375341415406,0.55,20
finetune_grid,spread,16,60,1.0,15.575094801187515,10.774802631914614,23.02127258074284,11.418425178527832,0.3,20
finetune_grid,spread,16,60,10.0,13.650994346141815,10.272760555744172,18.583447821736332,10.852316665649415,0.45,20
finetune_grid,spread,16,60,100.0,12.197895967960358,9.79579616779089,15.766540270745754,10.2925274848938,0.65,20
finetune_grid,spread,16,60,1000.0,12.138263287544252,9.755160122156143,15.733530198454858,10.217633056640626,0.7,20
finetune_grid,spread,16,60,10000.0,12.154036176204682,9.75071121364832,15.632405438661577,10.279953765869141,0.65,20
finetune_grid,spread,16,60,100000.0,12.345248460769655,9.945021376848223,16.313443497419353,10.604233932495116,0.55,20
finetune_grid,spread,16,120,1.0,15.511515420675277,10.906373130619528,23.052606551796192,11.686597633361817,0.3,20
finetune_grid,spread,16,120,10.0,14.399727747440338,10.439106417000295,20.693403900861743,11.029444074630737,0.4,20
finetune_grid,spread,16,120,100.0,12.383092229366301,9.909859471917152,15.833870577752586,10.285981273651124,0.65,20
finetune_grid,spread,16,120,1000.0,12.158924882411956,9.632506854891778,16.164521832764148,10.226959180831908,0.7,20
finetune_grid,spread,16,120,10000.0,12.122336893081666,9.631057888448238,15.559679638743399,10.116596984863282,0.7,20
finetune_grid,spread,16,120,100000.0,12.285684835910798,9.843827219605446,15.875907638967039,10.518651866912842,0.6,20
peruser,contiguous,0,5,,19.228691244125365,14.428544741868972,25.862191908955573,16.190811157226562,,20
peruser,contiguous,0,15,,18.880289173126222,13.362987722158431,26.52465286612511,13.37294054031372,,20
peruser,contiguous,0,30,,18.207627654075623,12.5794035589695,27.574381803274157,13.37379503250122,,20
peruser,contiguous,0,60,,17.220185041427612,11.608695588707924,26.343959864377975,12.49718427658081,,20
peruser,contiguous,0,120,,15.515962886810303,11.29919472038746,22.59267500698566,11.700700759887695,,20
peruser,spread,0,5,,11.897492933273316,10.219561264514924,13.556409909725188,10.876724720001222,,20
peruser,spread,0,15,,14.118103218078613,11.008420808315277,17.869386254549028,11.635794162750244,,20
peruser,spread,0,30,,14.784309875965118,11.152197606861591,20.17290931224823,11.855822086334229,,20
peruser,spread,0,60,,15.17784903049469,11.110351633429527,21.735654761791228,11.77552843093872,,20
peruser,spread,0,120,,15.745936572551727,11.172331488132476,23.21671804994345,11.784744262695312,,20
