arm,n_train_subjects,held_out,rep,mae,train_subjects
calibrated_within,0,1,1,9.199209213256836,
calibrated_within,0,1,2,9.256765365600586,
calibrated_crossday,0,1,0,10.705564498901367,
calibrated_within,0,2,1,6.542080402374268,
calibrated_within,0,2,2,6.437053680419922,
calibrated_crossday,0,2,0,13.710728645324707,
calibrated_within,0,3,1,5.5934157371521,
calibrated_within,0,3,2,8.454306602478027,
calibrated_crossday,0,3,0,11.101624488830566,
calibrated_within,0,4,1,4.3355021476745605,
calibrated_within,0,4,2,5.207225799560547,
calibrated_crossday,0,4,0,6.358217716217041,
calibrated_within,0,5,1,10.217289924621582,
calibrated_within,0,5,2,7.4243574142456055,
calibrated_crossday,0,5,0,13.150618553161621,
calibrated_within,0,6,1,11.151605606079102,
calibrated_within,0,6,2,12.797369956970215,
calibrated_crossday,0,6,0,68.03215026855469,
calibrated_within,0,7,1,3.2498300075531006,
calibrated_within,0,7,2,3.538565158843994,
calibrated_crossday,0,7,0,3.9131925106048584,
calibrated_within,0,8,1,4.781550884246826,
calibrated_within,0,8,2,10.784653663635254,
calibrated_crossday,0,8,0,12.25479793548584,
calibrated_within,0,9,1,11.873814582824707,
calibrated_within,0,9,2,5.388153076171875,
calibrated_crossday,0,9,0,8.909602165222168,
calibrated_within,0,10,1,4.07846736907959,
calibrated_within,0,10,2,6.516403675079346,
calibrated_crossday,0,10,0,11.549818992614746,
calibrated_within,0,11,1,7.39894962310791,
calibrated_within,0,11,2,6.634219646453857,
calibrated_crossday,0,11,0,11.728429794311523,
calibrated_within,0,12,1,7.588283061981201,
calibrated_within,0,12,2,7.001729488372803,
calibrated_crossday,0,12,0,10.98086929321289,
calibrated_within,0,13,1,9.728151321411133,
calibrated_within,0,13,2,16.73512840270996,
calibrated_crossday,0,13,0,18.845800399780273,
calibrated_within,0,14,1,5.977850437164307,
calibrated_within,0,14,2,8.743916511535645,
calibrated_crossday,0,14,0,11.678436279296875,
calibrated_within,0,15,1,10.696577072143555,
calibrated_within,0,15,2,12.357768058776855,
calibrated_crossday,0,15,0,14.036288261413574,
calibrated_within,0,16,1,4.476390361785889,
calibrated_within,0,16,2,9.774049758911133,
calibrated_crossday,0,16,0,11.797455787658691,
calibrated_within,0,17,1,16.694765090942383,
calibrated_within,0,17,2,8.715314865112305,
calibrated_crossday,0,17,0,19.292484283447266,
calibrated_within,0,18,1,7.6161298751831055,
calibrated_within,0,18,2,15.176344871520996,
calibrated_crossday,0,18,0,19.431949615478516,
calibrated_within,0,19,1,5.521792888641357,
calibrated_within,0,19,2,8.502450942993164,
calibrated_crossday,0,19,0,9.728649139404297,
calibrated_within,0,20,1,7.523716449737549,
calibrated_within,0,20,2,13.861153602600098,
calibrated_crossday,0,20,0,16.138996124267578,
zero_shot,1,1,0,16.13460922241211,5
zero_shot,1,1,1,16.13460922241211,5
zero_shot,1,1,2,14.789284706115723,14
zero_shot,1,1,3,18.41636848449707,15
zero_shot,1,1,4,20.812192916870117,20
zero_shot,1,1,5,21.184127807617188,18
zero_shot,1,1,6,16.757253646850586,2
zero_shot,1,1,7,15.175816535949707,4
zero_shot,1,1,8,14.789284706115723,14
zero_shot,1,1,9,14.24102783203125,3
zero_shot,2,1,0,16.85395622253418,"13,15"
zero_shot,2,1,1,14.149299621582031,"2,12"
zero_shot,2,1,2,16.25139808654785,"14,20"
zero_shot,2,1,3,17.448467254638672,"6,9"
zero_shot,2,1,4,16.25139808654785,"14,20"
zero_shot,2,1,5,13.07697868347168,"10,14"
zero_shot,2,1,6,14.67577075958252,"3,13"
zero_shot,2,1,7,14.39067268371582,"6,15"
zero_shot,2,1,8,14.37432861328125,"10,12"
zero_shot,2,1,9,13.826630592346191,"2,3"
zero_shot,4,1,0,13.792752265930176,"2,5,17,18"
zero_shot,4,1,1,13.792457580566406,"2,9,10,18"
zero_shot,4,1,2,12.667908668518066,"4,5,12,16"
zero_shot,4,1,3,13.175225257873535,"2,6,8,11"
zero_shot,4,1,4,11.091287612915039,"7,12,16,19"
zero_shot,4,1,5,12.594040870666504,"3,4,10,18"
zero_shot,4,1,6,16.6180362701416,"11,13,18,20"
zero_shot,4,1,7,11.857342720031738,"3,7,11,12"
zero_shot,4,1,8,12.403097152709961,"3,6,14,18"
zero_shot,4,1,9,12.916406631469727,"3,6,8,14"
zero_shot,8,1,0,11.568523406982422,"4,7,8,9,10,14,17,18"
zero_shot,8,1,1,12.590753555297852,"2,3,5,8,10,11,16,17"
zero_shot,8,1,2,12.172101020812988,"3,4,10,12,13,14,16,19"
zero_shot,8,1,3,11.25387954711914,"3,6,7,9,14,16,17,20"
zero_shot,8,1,4,11.674495697021484,"3,5,7,9,11,12,17,18"
zero_shot,8,1,5,11.325733184814453,"4,5,7,9,11,14,17,20"
zero_shot,8,1,6,11.732046127319336,"2,7,9,10,11,16,17,18"
zero_shot,8,1,7,12.548311233520508,"2,3,8,9,14,15,16,18"
zero_shot,8,1,8,11.709063529968262,"4,5,6,7,8,10,17,18"
zero_shot,8,1,9,11.743558883666992,"3,4,7,9,12,15,17,19"
zero_shot,16,1,0,11.968713760375977,"2,3,4,5,6,8,9,10,11,12,13,14,15,16,17,19"
zero_shot,16,1,1,11.6102294921875,"2,3,4,5,6,7,8,9,10,11,13,14,17,18,19,20"
zero_shot,16,1,2,11.583407402038574,"2,3,4,5,6,7,9,10,11,12,13,14,15,16,17,20"
zero_shot,16,1,3,11.613862991333008,"2,3,4,5,6,7,9,11,12,13,14,15,16,17,18,19"
zero_shot,16,1,4,11.70492935180664,"2,3,4,5,6,7,8,9,10,11,13,14,16,17,18,19"
zero_shot,16,1,5,11.747832298278809,"2,3,4,5,6,7,8,9,12,13,14,15,17,18,19,20"
zero_shot,16,1,6,11.734554290771484,"2,3,6,7,8,9,10,11,12,13,14,15,17,18,19,20"
zero_shot,16,1,7,11.892464637756348,"2,3,4,6,7,8,9,10,11,12,13,15,16,17,18,19"
zero_shot,16,1,8,11.832563400268555,"2,3,4,7,8,9,10,12,13,14,15,16,17,18,19,20"
zero_shot,16,1,9,11.707999229431152,"2,3,4,5,6,7,8,9,11,12,13,14,16,17,18,19"
zero_shot,1,2,0,10.033230781555176,16
zero_shot,1,2,1,10.033230781555176,16
zero_shot,1,2,2,17.03179168701172,9
zero_shot,1,2,3,13.38526439666748,11
zero_shot,1,2,4,10.505561828613281,12
zero_shot,1,2,5,11.672770500183105,5
zero_shot,1,2,6,17.384323120117188,18
zero_shot,1,2,7,17.384323120117188,18
zero_shot,1,2,8,14.103222846984863,6
zero_shot,1,2,9,17.384323120117188,18
zero_shot,2,2,0,12.280077934265137,"5,9"
zero_shot,2,2,1,14.862001419067383,"9,11"
zero_shot,2,2,2,9.517316818237305,"3,17"
zero_shot,2,2,3,13.749054908752441,"17,20"
zero_shot,2,2,4,10.330845832824707,"1,4"
zero_shot,2,2,5,11.844982147216797,"16,18"
zero_shot,2,2,6,12.586223602294922,"6,20"
zero_shot,2,2,7,13.78778076171875,"1,20"
zero_shot,2,2,8,10.189218521118164,"10,15"
zero_shot,2,2,9,12.91714096069336,"9,14"
zero_shot,4,2,0,9.434595108032227,"7,9,10,11"
zero_shot,4,2,1,9.647651672363281,"7,9,10,13"
zero_shot,4,2,2,10.506263732910156,"12,15,16,17"
zero_shot,4,2,3,10.061758041381836,"3,9,10,18"
zero_shot,4,2,4,11.289306640625,"4,15,17,19"
zero_shot,4,2,5,10.284453392028809,"5,10,11,17"
zero_shot,4,2,6,8.703611373901367,"4,7,14,16"
zero_shot,4,2,7,9.938069343566895,"4,8,15,16"
zero_shot,4,2,8,11.917290687561035,"9,11,12,19"
zero_shot,4,2,9,9.014484405517578,"5,7,13,18"
zero_shot,8,2,0,9.698929786682129,"1,3,9,10,14,17,18,19"
zero_shot,8,2,1,9.640469551086426,"3,5,8,9,10,11,17,20"
zero_shot,8,2,2,8.981927871704102,"4,5,7,11,12,15,17,18"
zero_shot,8,2,3,9.736574172973633,"1,5,11,12,13,15,18,20"
zero_shot,8,2,4,9.967387199401855,"6,7,9,10,11,18,19,20"
zero_shot,8,2,5,8.6581449508667,"3,5,9,13,14,15,16,18"
zero_shot,8,2,6,10.252614974975586,"1,5,9,10,11,15,16,17"
zero_shot,8,2,7,9.712945938110352,"1,8,10,11,12,14,18,19"
zero_shot,8,2,8,9.511521339416504,"1,4,5,10,11,15,16,17"
zero_shot,8,2,9,9.348745346069336,"3,6,7,9,11,16,17,19"
zero_shot,16,2,0,8.833192825317383,"3,4,6,7,8,9,10,11,12,13,14,15,17,18,19,20"
zero_shot,16,2,1,9.272951126098633,"1,4,5,7,8,9,10,11,12,13,14,15,16,18,19,20"
zero_shot,16,2,2,9.285649299621582,"1,4,5,6,7,8,9,10,11,12,13,15,16,18,19,20"
zero_shot,16,2,3,9.272951126098633,"1,4,5,7,8,9,10,11,12,13,14,15,16,18,19,20"
zero_shot,16,2,4,9.019598960876465,"1,3,5,7,8,9,10,11,12,13,14,16,17,18,19,20"
zero_shot,16,2,5,8.705886840820312,"1,3,4,6,7,8,10,11,13,14,15,16,17,18,19,20"
zero_shot,16,2,6,8.95700740814209,"3,4,5,6,8,9,11,12,13,14,15,16,17,18,19,20"
zero_shot,16,2,7,8.725522994995117,"1,3,4,5,6,7,9,11,12,13,14,15,16,17,18,19"
zero_shot,16,2,8,9.013832092285156,"1,3,4,6,7,8,9,10,11,12,13,15,16,18,19,20"
zero_shot,16,2,9,9.081134796142578,"1,3,4,5,6,7,8,9,10,13,14,15,16,17,19,20"
zero_shot,1,3,0,12.771036148071289,4
zero_shot,1,3,1,26.88381576538086,18
zero_shot,1,3,2,45.15946578979492,9
zero_shot,1,3,3,12.771036148071289,4
zero_shot,1,3,4,24.282474517822266,5
zero_shot,1,3,5,27.51283836364746,20
zero_shot,1,3,6,18.05327606201172,16
zero_shot,1,3,7,30.750024795532227,17
zero_shot,1,3,8,45.15946578979492,9
zero_shot,1,3,9,29.363492965698242,19
zero_shot,2,3,0,26.13242530822754,"17,19"
zero_shot,2,3,1,22.408336639404297,"18,20"
zero_shot,2,3,2,15.268406867980957,"4,6"
zero_shot,2,3,3,16.7371883392334,"10,19"
zero_shot,2,3,4,24.428787231445312,"14,18"
zero_shot,2,3,5,23.71143913269043,"7,11"
zero_shot,2,3,6,19.445297241210938,"15,16"
zero_shot,2,3,7,14.995466232299805,"8,10"
zero_shot,2,3,8,31.89870262145996,"13,20"
zero_shot,2,3,9,17.9598331451416,"4,9"
zero_shot,4,3,0,12.003620147705078,"4,6,18,20"
zero_shot,4,3,1,12.278697967529297,"5,11,14,16"
zero_shot,4,3,2,14.063029289245605,"2,10,16,20"
zero_shot,4,3,3,12.683218002319336,"4,8,17,18"
zero_shot,4,3,4,12.096687316894531,"1,6,10,16"
zero_shot,4,3,5,23.87078285217285,"7,8,9,11"
zero_shot,4,3,6,15.284294128417969,"2,6,9,10"
zero_shot,4,3,7,11.461081504821777,"2,4,7,8"
zero_shot,4,3,8,14.726489067077637,"4,7,16,17"
zero_shot,4,3,9,15.819981575012207,"4,16,19,20"
zero_shot,8,3,0,15.814675331115723,"1,7,8,10,13,15,18,20"
zero_shot,8,3,1,17.94993782043457,"1,5,8,9,11,12,13,15"
zero_shot,8,3,2,16.730667114257812,"1,2,4,5,7,8,9,15"
zero_shot,8,3,3,12.354012489318848,"2,6,7,9,11,12,14,17"
zero_shot,8,3,4,16.656309127807617,"1,5,7,9,13,16,17,19"
zero_shot,8,3,5,15.864866256713867,"1,4,10,11,13,14,15,20"
zero_shot,8,3,6,11.698286056518555,"1,4,6,10,11,13,16,18"
zero_shot,8,3,7,13.710052490234375,"4,7,9,10,13,15,17,18"
zero_shot,8,3,8,13.32643985748291,"1,6,10,11,12,15,17,19"
zero_shot,8,3,9,15.684879302978516,"1,4,5,7,8,10,13,20"
zero_shot,16,3,0,11.673391342163086,"1,2,4,5,6,7,8,10,11,12,13,15,16,18,19,20"
zero_shot,16,3,1,13.76752758026123,"1,2,4,5,7,8,9,10,13,14,15,16,17,18,19,20"
zero_shot,16,3,2,12.92106819152832,"1,2,4,5,6,8,9,10,11,12,13,14,16,17,19,20"
zero_shot,16,3,3,13.105050086975098,"1,2,4,5,7,8,9,10,11,12,13,15,16,17,18,19"
zero_shot,16,3,4,11.994645118713379,"1,4,5,6,7,8,11,12,13,14,15,16,17,18,19,20"
zero_shot,16,3,5,13.902312278747559,"1,2,4,5,7,9,10,11,12,13,15,16,17,18,19,20"
zero_shot,16,3,6,11.274724006652832,"1,2,4,5,6,7,8,10,11,12,14,15,16,17,18,19"
zero_shot,16,3,7,13.2407865524292,"1,2,4,5,7,8,9,10,12,13,14,15,16,18,19,20"
zero_shot,16,3,8,12.157466888427734,"1,2,4,5,6,7,9,10,12,13,14,15,16,17,18,20"
zero_shot,16,3,9,11.705461502075195,"1,2,4,5,6,7,8,10,11,12,14,15,16,17,19,20"
zero_shot,1,4,0,13.221979141235352,15
zero_shot,1,4,1,9.260663032531738,3
zero_shot,1,4,2,18.51910972595215,8
zero_shot,1,4,3,11.333307266235352,20
zero_shot,1,4,4,23.96343994140625,19
zero_shot,1,4,5,18.930315017700195,6
zero_shot,1,4,6,8.51995849609375,7
zero_shot,1,4,7,25.85222816467285,18
zero_shot,1,4,8,7.09115743637085,10
zero_shot,1,4,9,11.763273239135742,12
zero_shot,2,4,0,10.423200607299805,"5,20"
zero_shot,2,4,1,20.889802932739258,"9,19"
zero_shot,2,4,2,14.478934288024902,"6,14"
zero_shot,2,4,3,9.25599193572998,"7,15"
zero_shot,2,4,4,8.29927921295166,"10,15"
zero_shot,2,4,5,12.554296493530273,"17,19"
zero_shot,2,4,6,22.573625564575195,"18,19"
zero_shot,2,4,7,11.450318336486816,"2,6"
zero_shot,2,4,8,11.205055236816406,"8,15"
zero_shot,2,4,9,11.466541290283203,"6,16"
zero_shot,4,4,0,8.929113388061523,"5,12,15,20"
zero_shot,4,4,1,13.378281593322754,"11,13,14,19"
zero_shot,4,4,2,13.500886917114258,"2,11,18,19"
zero_shot,4,4,3,8.337763786315918,"2,3,7,8"
zero_shot,4,4,4,10.790600776672363,"8,13,14,20"
zero_shot,4,4,5,12.102348327636719,"1,3,11,18"
zero_shot,4,4,6,9.771514892578125,"5,6,8,11"
zero_shot,4,4,7,11.168588638305664,"1,3,6,11"
zero_shot,4,4,8,10.476119995117188,"8,9,16,17"
zero_shot,4,4,9,8.422882080078125,"1,3,7,10"
zero_shot,8,4,0,6.966612339019775,"2,3,11,12,14,16,17,20"
zero_shot,8,4,1,8.83948040008545,"1,5,6,7,10,13,14,19"
zero_shot,8,4,2,8.326255798339844,"2,6,13,14,16,17,18,19"
zero_shot,8,4,3,7.066085338592529,"3,7,8,11,14,15,19,20"
zero_shot,8,4,4,8.320610046386719,"1,2,3,6,13,16,17,18"
zero_shot,8,4,5,9.52546215057373,"1,3,6,11,12,13,17,19"
zero_shot,8,4,6,7.2477827072143555,"2,3,5,6,7,12,14,20"
zero_shot,8,4,7,8.016451835632324,"5,6,8,10,12,14,15,19"
zero_shot,8,4,8,7.7788472175598145,"1,5,7,8,11,15,16,19"
zero_shot,8,4,9,7.973154544830322,"1,2,6,9,10,11,12,15"
zero_shot,16,4,0,7.537891864776611,"2,3,5,6,7,8,9,10,11,12,13,14,15,17,19,20"
zero_shot,16,4,1,7.538049221038818,"1,2,3,5,6,7,8,9,10,12,13,15,16,17,18,20"
zero_shot,16,4,2,7.767491340637207,"1,2,3,5,6,7,8,9,10,12,13,15,17,18,19,20"
zero_shot,16,4,3,7.818479537963867,"1,3,5,6,7,8,9,10,11,12,13,15,16,18,19,20"
zero_shot,16,4,4,7.981022357940674,"1,2,3,5,6,7,8,9,11,12,14,16,17,18,19,20"
zero_shot,16,4,5,7.754741668701172,"1,2,3,6,7,8,9,10,11,14,15,16,17,18,19,20"
zero_shot,16,4,6,7.6337738037109375,"1,2,3,5,6,7,8,9,10,11,13,14,15,16,17,19"
zero_shot,16,4,7,7.589177131652832,"1,2,3,5,7,8,9,11,12,13,15,16,17,18,19,20"
zero_shot,16,4,8,7.660714626312256,"1,2,3,6,7,8,9,10,11,12,13,15,16,18,19,20"
zero_shot,16,4,9,7.464269161224365,"1,2,3,5,6,7,8,9,10,11,13,14,15,16,17,20"
zero_shot,1,5,0,16.644207000732422,10
zero_shot,1,5,1,15.960816383361816,12
zero_shot,1,5,2,34.64565658569336,13
zero_shot,1,5,3,21.470508575439453,18
zero_shot,1,5,4,18.98206329345703,20
zero_shot,1,5,5,16.644207000732422,10
zero_shot,1,5,6,18.98206329345703,20
zero_shot,1,5,7,25.845232009887695,8
zero_shot,1,5,8,15.680031776428223,7
zero_shot,1,5,9,25.845232009887695,8
zero_shot,2,5,0,22.393171310424805,"11,14"
zero_shot,2,5,1,16.333311080932617,"1,4"
zero_shot,2,5,2,22.286041259765625,"13,19"
zero_shot,2,5,3,15.529324531555176,"12,16"
zero_shot,2,5,4,13.993914604187012,"3,12"
zero_shot,2,5,5,22.14309310913086,"9,14"
zero_shot,2,5,6,15.406087875366211,"7,15"
zero_shot,2,5,7,13.240399360656738,"7,19"
zero_shot,2,5,8,19.0481014251709,"15,20"
zero_shot,2,5,9,16.52174186706543,"15,16"
zero_shot,4,5,0,16.513763427734375,"12,14,16,18"
zero_shot,4,5,1,14.957043647766113,"3,4,11,20"
zero_shot,4,5,2,15.4238862991333,"3,8,9,10"
zero_shot,4,5,3,20.1813907623291,"8,9,13,19"
zero_shot,4,5,4,14.00071907043457,"2,3,12,16"
zero_shot,4,5,5,15.889457702636719,"4,13,15,17"
zero_shot,4,5,6,22.02814483642578,"1,9,13,14"
zero_shot,4,5,7,13.961130142211914,"7,12,13,16"
zero_shot,4,5,8,15.95783805847168,"2,10,12,18"
zero_shot,4,5,9,15.570103645324707,"1,6,16,18"
zero_shot,8,5,0,14.421224594116211,"1,2,10,11,12,13,17,20"
zero_shot,8,5,1,13.862386703491211,"2,3,4,6,8,9,13,15"
zero_shot,8,5,2,15.17177963256836,"7,11,12,14,15,16,19,20"
zero_shot,8,5,3,14.401658058166504,"1,2,8,9,11,14,19,20"
zero_shot,8,5,4,15.47084903717041,"1,3,8,10,11,12,15,20"
zero_shot,8,5,5,15.640226364135742,"4,6,9,10,15,16,19,20"
zero_shot,8,5,6,14.90384292602539,"4,7,8,9,10,12,15,20"
zero_shot,8,5,7,14.56296157836914,"1,4,9,10,16,17,18,19"
zero_shot,8,5,8,14.179381370544434,"4,6,7,11,13,14,19,20"
zero_shot,8,5,9,14.943490028381348,"6,7,8,11,12,13,14,20"
zero_shot,16,5,0,14.317151069641113,"1,4,6,8,9,10,11,12,13,14,15,16,17,18,19,20"
zero_shot,16,5,1,14.128705024719238,"1,2,3,6,7,8,9,10,12,13,14,15,16,18,19,20"
zero_shot,16,5,2,14.138798713684082,"1,2,3,6,7,8,9,10,11,13,14,15,16,17,19,20"
zero_shot,16,5,3,14.216620445251465,"1,2,3,7,8,9,10,11,13,14,15,16,17,18,19,20"
zero_shot,16,5,4,14.233033180236816,"1,2,3,6,7,8,9,11,12,13,14,15,16,18,19,20"
zero_shot,16,5,5,14.188232421875,"1,2,3,4,6,7,8,9,12,14,15,16,17,18,19,20"
zero_shot,16,5,6,14.035329818725586,"1,2,3,6,7,8,9,10,11,12,13,15,17,18,19,20"
zero_shot,16,5,7,14.319587707519531,"1,2,3,8,9,10,11,12,13,14,15,16,17,18,19,20"
zero_shot,16,5,8,14.04811954498291,"1,2,3,4,7,8,9,10,12,13,15,16,17,18,19,20"
zero_shot,16,5,9,14.090388298034668,"3,4,6,7,8,9,10,12,13,14,15,16,17,18,19,20"
zero_shot,1,6,0,34.43894577026367,20
zero_shot,1,6,1,34.531700134277344,16
zero_shot,1,6,2,21.29694366455078,4
zero_shot,1,6,3,21.29694366455078,4
zero_shot,1,6,4,120.2940902709961,13
zero_shot,1,6,5,109.85469818115234,19
zero_shot,1,6,6,62.018680572509766,17
zero_shot,1,6,7,33.651084899902344,10
zero_shot,1,6,8,94.9302749633789,1
zero_shot,1,6,9,109.85469818115234,19
zero_shot,2,6,0,54.189857482910156,"9,14"
zero_shot,2,6,1,32.87825012207031,"12,15"
zero_shot,2,6,2,49.16445541381836,"7,8"
zero_shot,2,6,3,79.21923828125,"3,8"
zero_shot,2,6,4,60.80575180053711,"1,15"
zero_shot,2,6,5,24.19969940185547,"9,16"
zero_shot,2,6,6,29.70052146911621,"4,13"
zero_shot,2,6,7,60.80575180053711,"1,15"
zero_shot,2,6,8,55.62162780761719,"11,17"
zero_shot,2,6,9,46.48026657104492,"5,10"
zero_shot,4,6,0,41.0077018737793,"2,10,14,19"
zero_shot,4,6,1,42.11235427856445,"9,11,13,20"
zero_shot,4,6,2,80.50623321533203,"9,13,17,18"
zero_shot,4,6,3,56.62424850463867,"2,5,7,10"
zero_shot,4,6,4,79.78911590576172,"1,2,7,18"
zero_shot,4,6,5,33.83931350708008,"11,12,13,20"
zero_shot,4,6,6,26.526365280151367,"5,17,18,20"
zero_shot,4,6,7,36.038352966308594,"8,12,13,17"
zero_shot,4,6,8,21.919809341430664,"2,4,11,15"
zero_shot,4,6,9,57.05867385864258,"1,5,7,13"
zero_shot,8,6,0,41.93814468383789,"1,2,5,7,10,11,12,14"
zero_shot,8,6,1,43.54716110229492,"1,5,7,8,10,12,17,18"
zero_shot,8,6,2,30.416751861572266,"3,4,7,9,13,16,17,18"
zero_shot,8,6,3,28.746845245361328,"4,9,10,11,12,14,17,20"
zero_shot,8,6,4,24.66673469543457,"2,4,8,9,13,16,18,19"
zero_shot,8,6,5,31.816991806030273,"1,3,4,9,14,16,19,20"
zero_shot,8,6,6,39.710472106933594,"1,5,7,10,12,13,15,20"
zero_shot,8,6,7,25.118389129638672,"1,4,11,12,13,15,19,20"
zero_shot,8,6,8,22.22423553466797,"4,5,10,12,14,15,16,19"
zero_shot,8,6,9,30.26917839050293,"3,4,7,8,14,16,17,20"
zero_shot,16,6,0,28.11822509765625,"1,2,3,4,8,9,11,12,13,14,15,16,17,18,19,20"
zero_shot,16,6,1,29.449127197265625,"1,2,3,4,7,8,9,10,11,12,13,14,15,17,18,20"
zero_shot,16,6,2,22.97445297241211,"1,2,3,4,5,8,10,11,12,13,14,15,16,18,19,20"
zero_shot,16,6,3,27.397937774658203,"1,2,3,4,5,7,8,10,11,12,14,15,16,17,19,20"
zero_shot,16,6,4,23.156021118164062,"1,2,3,4,5,7,8,9,10,11,12,13,14,15,16,18"
zero_shot,16,6,5,30.317176818847656,"1,2,3,4,5,7,8,9,10,11,14,15,16,17,18,20"
zero_shot,16,6,6,23.9055233001709,"1,2,3,4,5,7,9,10,11,12,13,15,16,18,19,20"
zero_shot,16,6,7,26.088531494140625,"1,3,4,5,7,8,9,10,11,12,13,14,15,18,19,20"
zero_shot,16,6,8,28.84893226623535,"1,2,3,4,7,9,10,11,12,13,14,15,16,17,19,20"
zero_shot,16,6,9,25.080862045288086,"1,2,3,7,9,10,11,12,13,14,15,16,17,18,19,20"
zero_shot,1,7,0,18.14324188232422,19
zero_shot,1,7,1,16.068431854248047,8
zero_shot,1,7,2,6.084586143493652,4
zero_shot,1,7,3,8.275829315185547,5
zero_shot,1,7,4,17.98781394958496,13
zero_shot,1,7,5,15.851720809936523,9
zero_shot,1,7,6,12.819089889526367,6
zero_shot,1,7,7,15.31746768951416,18
zero_shot,1,7,8,7.346045970916748,3
zero_shot,1,7,9,7.346045970916748,3
zero_shot,2,7,0,7.550120830535889,"8,12"
zero_shot,2,7,1,7.162595272064209,"3,6"
zero_shot,2,7,2,7.510186672210693,"3,15"
zero_shot,2,7,3,7.4925103187561035,"16,20"
zero_shot,2,7,4,8.933636665344238,"15,20"
zero_shot,2,7,5,7.162595272064209,"3,6"
zero_shot,2,7,6,8.498437881469727,"5,15"
zero_shot,2,7,7,10.461692810058594,"1,18"
zero_shot,2,7,8,9.133150100708008,"6,19"
zero_shot,2,7,9,5.940945148468018,"4,10"
zero_shot,4,7,0,8.42174243927002,"8,9,10,17"
zero_shot,4,7,1,7.131143093109131,"3,5,6,9"
zero_shot,4,7,2,8.36087703704834,"1,8,11,18"
zero_shot,4,7,3,7.588943004608154,"1,5,14,19"
zero_shot,4,7,4,6.3757805824279785,"1,3,6,11"
zero_shot,4,7,5,7.574830055236816,"5,15,17,18"
zero_shot,4,7,6,6.061431884765625,"4,6,10,19"
zero_shot,4,7,7,7.087009906768799,"3,5,17,18"
zero_shot,4,7,8,5.5033769607543945,"2,3,6,10"
zero_shot,4,7,9,5.808635234832764,"2,3,4,11"
zero_shot,8,7,0,5.881610870361328,"2,3,4,6,8,9,14,20"
zero_shot,8,7,1,5.932112693786621,"1,2,4,5,6,12,17,19"
zero_shot,8,7,2,6.170778274536133,"1,5,6,8,13,14,18,20"
zero_shot,8,7,3,5.442622661590576,"2,6,10,12,15,17,19,20"
zero_shot,8,7,4,5.551026344299316,"1,3,4,10,11,12,17,19"
zero_shot,8,7,5,5.526312828063965,"2,3,8,12,14,16,17,19"
zero_shot,8,7,6,5.710873126983643,"1,8,11,12,14,16,18,20"
zero_shot,8,7,7,5.550349235534668,"1,4,6,10,12,17,18,20"
zero_shot,8,7,8,6.260646343231201,"1,5,8,11,13,16,17,19"
zero_shot,8,7,9,6.103612422943115,"1,4,8,11,13,14,15,19"
zero_shot,16,7,0,5.3514533042907715,"1,2,3,4,5,8,9,10,11,12,13,15,17,18,19,20"
zero_shot,16,7,1,5.170825958251953,"1,2,3,5,6,8,9,10,11,12,13,14,15,16,17,20"
zero_shot,16,7,2,5.139196872711182,"1,2,3,5,6,8,9,10,11,12,13,14,16,17,19,20"
zero_shot,16,7,3,5.329627513885498,"1,2,3,5,8,9,10,11,12,13,15,16,17,18,19,20"
zero_shot,16,7,4,5.377941608428955,"1,2,3,4,5,6,8,9,11,12,13,14,15,16,18,19"
zero_shot,16,7,5,5.171677589416504,"2,3,4,5,9,10,11,12,13,14,15,16,17,18,19,20"
zero_shot,16,7,6,5.2498779296875,"1,2,3,5,6,8,9,11,12,13,14,16,17,18,19,20"
zero_shot,16,7,7,5.344850063323975,"1,2,3,4,5,6,8,9,11,12,14,15,16,17,18,19"
zero_shot,16,7,8,5.112265586853027,"1,3,4,5,6,8,10,11,12,13,15,16,17,18,19,20"
zero_shot,16,7,9,5.503127098083496,"1,2,4,5,6,9,10,11,12,13,14,15,16,17,18,19"
zero_shot,1,8,0,20.54911231994629,13
zero_shot,1,8,1,13.104634284973145,1
zero_shot,1,8,2,13.552016258239746,14
zero_shot,1,8,3,14.084587097167969,2
zero_shot,1,8,4,20.54911231994629,13
zero_shot,1,8,5,17.053144454956055,20
zero_shot,1,8,6,9.603106498718262,7
zero_shot,1,8,7,22.568593978881836,19
zero_shot,1,8,8,13.104634284973145,1
zero_shot,1,8,9,11.970657348632812,4
zero_shot,2,8,0,10.647334098815918,"10,16"
zero_shot,2,8,1,10.998722076416016,"11,16"
zero_shot,2,8,2,11.5217866897583,"1,7"
zero_shot,2,8,3,14.120378494262695,"15,20"
zero_shot,2,8,4,14.291450500488281,"19,20"
zero_shot,2,8,5,12.81062126159668,"17,18"
zero_shot,2,8,6,10.837162017822266,"3,20"
zero_shot,2,8,7,12.014902114868164,"14,18"
zero_shot,2,8,8,11.95101547241211,"11,20"
zero_shot,2,8,9,12.370166778564453,"5,15"
zero_shot,4,8,0,10.106613159179688,"2,9,16,20"
zero_shot,4,8,1,11.945555686950684,"2,15,16,17"
zero_shot,4,8,2,10.842872619628906,"3,10,16,19"
zero_shot,4,8,3,10.573140144348145,"4,10,11,19"
zero_shot,4,8,4,11.239171981811523,"7,14,15,19"
zero_shot,4,8,5,12.114826202392578,"2,4,15,20"
zero_shot,4,8,6,10.480887413024902,"3,12,18,20"
zero_shot,4,8,7,9.300475120544434,"3,4,9,14"
zero_shot,4,8,8,9.431395530700684,"3,7,15,18"
zero_shot,4,8,9,11.59768009185791,"5,6,13,17"
zero_shot,8,8,0,10.614846229553223,"1,4,9,11,12,14,16,17"
zero_shot,8,8,1,10.358189582824707,"1,2,4,6,9,12,15,17"
zero_shot,8,8,2,10.020881652832031,"2,3,4,10,12,13,18,20"
zero_shot,8,8,3,9.082548141479492,"3,5,6,7,9,14,18,20"
zero_shot,8,8,4,9.44721794128418,"1,3,4,7,11,15,18,20"
zero_shot,8,8,5,10.6679105758667,"2,3,10,13,14,15,16,17"
zero_shot,8,8,6,9.858930587768555,"6,11,12,13,14,16,18,19"
zero_shot,8,8,7,9.979012489318848,"2,4,7,9,13,14,16,17"
zero_shot,8,8,8,9.41098690032959,"3,9,12,13,14,16,17,18"
zero_shot,8,8,9,10.139517784118652,"1,9,10,12,14,18,19,20"
zero_shot,16,8,0,9.417580604553223,"1,2,3,5,6,7,9,11,12,13,14,16,17,18,19,20"
zero_shot,16,8,1,9.625243186950684,"1,3,4,6,7,9,10,11,12,13,14,15,17,18,19,20"
zero_shot,16,8,2,9.431498527526855,"1,2,3,4,5,6,9,11,12,14,15,16,17,18,19,20"
zero_shot,16,8,3,9.58573055267334,"1,3,5,6,7,9,10,11,12,13,14,15,16,17,18,19"
zero_shot,16,8,4,9.59052848815918,"1,2,3,6,7,9,10,11,12,13,14,15,16,17,18,19"
zero_shot,16,8,5,9.48547649383545,"1,2,3,5,6,7,9,10,12,13,14,16,17,18,19,20"
zero_shot,16,8,6,9.524724960327148,"1,2,3,4,7,9,10,11,12,13,14,15,17,18,19,20"
zero_shot,16,8,7,9.499434471130371,"1,2,3,4,5,6,7,9,10,11,13,15,17,18,19,20"
zero_shot,16,8,8,9.586261749267578,"2,3,4,5,6,7,10,12,13,14,15,16,17,18,19,20"
zero_shot,16,8,9,9.17235279083252,"2,3,4,5,6,7,9,11,12,13,14,16,17,18,19,20"
zero_shot,1,9,0,14.997215270996094,16
zero_shot,1,9,1,14.101205825805664,2
zero_shot,1,9,2,14.065579414367676,4
zero_shot,1,9,3,13.140380859375,10
zero_shot,1,9,4,12.633806228637695,5
zero_shot,1,9,5,14.997215270996094,16
zero_shot,1,9,6,14.997215270996094,16
zero_shot,1,9,7,13.245720863342285,8
zero_shot,1,9,8,12.262462615966797,1
zero_shot,1,9,9,14.36541748046875,20
zero_shot,2,9,0,13.375348091125488,"3,13"
zero_shot,2,9,1,12.318373680114746,"5,7"
zero_shot,2,9,2,12.46769905090332,"1,18"
zero_shot,2,9,3,13.889080047607422,"3,15"
zero_shot,2,9,4,12.744029998779297,"1,11"
zero_shot,2,9,5,12.69841194152832,"2,19"
zero_shot,2,9,6,12.444581985473633,"6,18"
zero_shot,2,9,7,13.284476280212402,"11,16"
zero_shot,2,9,8,12.618898391723633,"17,20"
zero_shot,2,9,9,12.813549995422363,"11,12"
zero_shot,4,9,0,13.098589897155762,"4,7,16,18"
zero_shot,4,9,1,13.030735969543457,"2,3,11,20"
zero_shot,4,9,2,11.848550796508789,"2,8,13,16"
zero_shot,4,9,3,10.970772743225098,"8,15,16,19"
zero_shot,4,9,4,11.713601112365723,"2,5,15,19"
zero_shot,4,9,5,12.482352256774902,"1,14,16,17"
zero_shot,4,9,6,11.271565437316895,"8,11,12,19"
zero_shot,4,9,7,12.47320556640625,"3,6,13,20"
zero_shot,4,9,8,12.179471015930176,"1,3,8,11"
zero_shot,4,9,9,11.693053245544434,"6,8,10,16"
zero_shot,8,9,0,12.349010467529297,"1,3,7,10,14,16,18,20"
zero_shot,8,9,1,11.412545204162598,"2,5,8,11,13,16,18,20"
zero_shot,8,9,2,12.126607894897461,"2,5,10,12,13,17,19,20"
zero_shot,8,9,3,12.497552871704102,"2,3,5,7,13,14,15,17"
zero_shot,8,9,4,11.784347534179688,"3,8,11,12,16,17,19,20"
zero_shot,8,9,5,11.257086753845215,"1,4,5,8,12,13,16,19"
zero_shot,8,9,6,12.041008949279785,"2,4,8,11,14,15,16,18"
zero_shot,8,9,7,11.638349533081055,"6,13,14,15,17,18,19,20"
zero_shot,8,9,8,12.440075874328613,"2,6,7,11,13,14,15,16"
zero_shot,8,9,9,12.168050765991211,"2,7,13,14,16,17,19,20"
zero_shot,16,9,0,11.622010231018066,"1,3,4,5,7,8,10,11,12,13,15,16,17,18,19,20"
zero_shot,16,9,1,11.631538391113281,"1,2,3,4,5,6,8,10,11,12,13,15,16,17,18,19"
zero_shot,16,9,2,12.272409439086914,"2,3,4,5,6,7,10,11,12,13,14,15,16,17,18,20"
zero_shot,16,9,3,11.426774024963379,"1,2,4,5,6,8,11,12,13,14,15,16,17,18,19,20"
zero_shot,16,9,4,11.756021499633789,"1,2,3,4,6,8,10,11,12,13,14,15,17,18,19,20"
zero_shot,16,9,5,11.714000701904297,"1,2,3,4,5,7,8,10,11,12,13,15,16,17,19,20"
zero_shot,16,9,6,11.623177528381348,"1,2,3,4,5,6,7,8,10,11,13,14,15,18,19,20"
zero_shot,16,9,7,11.795380592346191,"2,4,6,7,8,10,11,12,13,14,15,16,17,18,19,20"
zero_shot,16,9,8,11.523612976074219,"1,2,4,5,6,8,10,11,12,13,14,15,16,17,18,20"
zero_shot,16,9,9,11.893726348876953,"1,2,3,4,6,7,8,10,11,12,13,14,15,17,18,20"
zero_shot,1,10,0,11.082161903381348,17
zero_shot,1,10,1,20.86832618713379,18
zero_shot,1,10,2,9.239585876464844,3
zero_shot,1,10,3,17.954496383666992,13
zero_shot,1,10,4,12.081039428710938,14
zero_shot,1,10,5,15.882399559020996,8
zero_shot,1,10,6,19.76311492919922,19
zero_shot,1,10,7,14.356489181518555,2
zero_shot,1,10,8,10.928510665893555,1
zero_shot,1,10,9,7.79279088973999,12
zero_shot,2,10,0,14.129291534423828,"11,13"
zero_shot,2,10,1,7.184909343719482,"7,15"
zero_shot,2,10,2,9.192689895629883,"5,16"
zero_shot,2,10,3,8.585498809814453,"4,8"
zero_shot,2,10,4,9.127212524414062,"8,16"
zero_shot,2,10,5,12.632099151611328,"3,9"
zero_shot,2,10,6,10.8483304977417,"7,9"
zero_shot,2,10,7,8.120288848876953,"1,4"
zero_shot,2,10,8,8.0682954788208,"15,16"
zero_shot,2,10,9,7.527192115783691,"3,7"
zero_shot,4,10,0,9.570947647094727,"1,5,13,19"
zero_shot,4,10,1,7.725532531738281,"8,11,12,15"
zero_shot,4,10,2,8.197094917297363,"4,6,13,14"
zero_shot,4,10,3,7.3217267990112305,"7,12,15,18"
zero_shot,4,10,4,9.729327201843262,"1,3,6,18"
zero_shot,4,10,5,7.611218452453613,"6,11,12,15"
zero_shot,4,10,6,8.655657768249512,"1,4,8,9"
zero_shot,4,10,7,8.69752025604248,"13,15,16,19"
zero_shot,4,10,8,8.990432739257812,"2,8,13,14"
zero_shot,4,10,9,7.645288467407227,"2,4,11,20"
zero_shot,8,10,0,7.101072311401367,"1,3,11,14,15,16,17,19"
zero_shot,8,10,1,7.055452346801758,"1,2,3,8,15,16,19,20"
zero_shot,8,10,2,7.708755016326904,"2,3,7,8,9,13,16,19"
zero_shot,8,10,3,7.999066352844238,"3,5,6,7,8,9,13,15"
zero_shot,8,10,4,7.100345134735107,"2,4,6,9,12,13,14,16"
zero_shot,8,10,5,8.622163772583008,"1,2,6,11,13,18,19,20"
zero_shot,8,10,6,6.885095596313477,"1,3,4,6,14,15,16,17"
zero_shot,8,10,7,8.848588943481445,"1,5,9,13,16,17,18,19"
zero_shot,8,10,8,7.667698860168457,"1,2,3,5,11,12,13,17"
zero_shot,8,10,9,7.344818115234375,"1,2,4,8,9,12,16,19"
zero_shot,16,10,0,7.170679092407227,"1,2,3,5,6,7,9,11,12,13,14,15,16,17,18,19"
zero_shot,16,10,1,6.880486965179443,"2,3,4,5,7,8,9,11,12,13,14,15,16,17,18,20"
zero_shot,16,10,2,7.048436164855957,"1,2,4,5,6,7,8,11,12,13,14,15,16,18,19,20"
zero_shot,16,10,3,6.953164100646973,"2,3,4,6,7,8,9,11,12,13,15,16,17,18,19,20"
zero_shot,16,10,4,7.182814598083496,"1,2,3,4,5,7,9,11,13,14,15,16,17,18,19,20"
zero_shot,16,10,5,7.318112373352051,"1,2,3,5,6,7,9,11,12,13,14,15,17,18,19,20"
zero_shot,16,10,6,7.065105438232422,"1,2,3,5,6,7,11,12,13,14,15,16,17,18,19,20"
zero_shot,16,10,7,7.1504902839660645,"1,2,6,7,8,9,11,12,13,14,15,16,17,18,19,20"
zero_shot,16,10,8,6.9325971603393555,"1,2,4,6,7,8,9,11,12,14,15,16,17,18,19,20"
zero_shot,16,10,9,7.182944297790527,"1,2,5,6,7,8,9,11,12,13,14,15,16,17,18,20"
zero_shot,1,11,0,15.499436378479004,17
zero_shot,1,11,1,13.76208209991455,19
zero_shot,1,11,2,15.503646850585938,13
zero_shot,1,11,3,8.853281021118164,7
zero_shot,1,11,4,10.417852401733398,10
zero_shot,1,11,5,14.060381889343262,8
zero_shot,1,11,6,10.724299430847168,12
zero_shot,1,11,7,13.478374481201172,20
zero_shot,1,11,8,11.75985336303711,15
zero_shot,1,11,9,15.503646850585938,13
zero_shot,2,11,0,11.525795936584473,"9,12"
zero_shot,2,11,1,11.545780181884766,"1,20"
zero_shot,2,11,2,9.446982383728027,"7,12"
zero_shot,2,11,3,11.59480094909668,"1,5"
zero_shot,2,11,4,11.545780181884766,"1,20"
zero_shot,2,11,5,13.549285888671875,"18,19"
zero_shot,2,11,6,10.644865036010742,"2,19"
zero_shot,2,11,7,12.212262153625488,"8,18"
zero_shot,2,11,8,10.233230590820312,"3,12"
zero_shot,2,11,9,10.543539047241211,"1,15"
zero_shot,4,11,0,9.839205741882324,"5,6,15,19"
zero_shot,4,11,1,10.152907371520996,"7,9,13,17"
zero_shot,4,11,2,9.63251781463623,"1,2,8,20"
zero_shot,4,11,3,9.818880081176758,"2,4,10,17"
zero_shot,4,11,4,10.600906372070312,"12,13,15,18"
zero_shot,4,11,5,9.30788516998291,"3,4,15,20"
zero_shot,4,11,6,9.923906326293945,"2,12,15,20"
zero_shot,4,11,7,8.808606147766113,"4,7,8,20"
zero_shot,4,11,8,9.116151809692383,"2,3,17,19"
zero_shot,4,11,9,9.50611686706543,"6,10,12,13"
zero_shot,8,11,0,8.923392295837402,"2,3,4,5,6,13,16,20"
zero_shot,8,11,1,9.203536033630371,"5,6,7,10,12,13,15,19"
zero_shot,8,11,2,9.072382926940918,"1,6,7,8,15,16,18,19"
zero_shot,8,11,3,9.618668556213379,"1,4,6,8,9,17,18,20"
zero_shot,8,11,4,8.72714900970459,"3,4,6,8,10,12,13,19"
zero_shot,8,11,5,9.740992546081543,"1,2,3,5,13,15,18,20"
zero_shot,8,11,6,9.205060958862305,"1,8,9,10,12,14,16,18"
zero_shot,8,11,7,8.914703369140625,"3,6,7,9,10,13,19,20"
zero_shot,8,11,8,9.66907024383545,"2,3,8,9,12,15,17,18"
zero_shot,8,11,9,9.282276153564453,"2,3,5,10,12,15,16,18"
zero_shot,16,11,0,8.761625289916992,"2,3,4,5,7,8,9,10,13,14,15,16,17,18,19,20"
zero_shot,16,11,1,8.939309120178223,"1,2,5,6,7,8,9,10,12,13,14,15,16,17,18,20"
zero_shot,16,11,2,8.959549903869629,"1,3,4,5,8,9,10,12,13,14,15,16,17,18,19,20"
zero_shot,16,11,3,8.95051097869873,"1,2,3,4,5,6,7,8,9,12,13,14,17,18,19,20"
zero_shot,16,11,4,8.74860668182373,"1,2,4,5,6,7,8,9,10,12,13,14,16,17,19,20"
zero_shot,16,11,5,8.976728439331055,"1,2,3,4,5,6,7,8,9,12,13,14,15,17,18,20"
zero_shot,16,11,6,8.853107452392578,"1,2,3,4,5,6,7,8,9,10,14,15,16,17,18,20"
zero_shot,16,11,7,9.061979293823242,"1,2,4,5,6,7,9,10,12,13,14,15,16,17,18,19"
zero_shot,16,11,8,8.815499305725098,"1,2,3,4,6,7,8,9,10,12,13,15,16,18,19,20"
zero_shot,16,11,9,8.922698974609375,"1,2,4,5,6,7,8,9,10,12,14,15,16,18,19,20"
zero_shot,1,12,0,10.439812660217285,3
zero_shot,1,12,1,24.4304141998291,9
zero_shot,1,12,2,16.038410186767578,2
zero_shot,1,12,3,24.4304141998291,9
zero_shot,1,12,4,9.355114936828613,7
zero_shot,1,12,5,25.39427375793457,19
zero_shot,1,12,6,11.935276985168457,20
zero_shot,1,12,7,14.988219261169434,17
zero_shot,1,12,8,9.887899398803711,4
zero_shot,1,12,9,20.27429962158203,18
zero_shot,2,12,0,11.435284614562988,"6,14"
zero_shot,2,12,1,17.365306854248047,"13,17"
zero_shot,2,12,2,10.665385246276855,"10,11"
zero_shot,2,12,3,13.571690559387207,"6,9"
zero_shot,2,12,4,14.576761245727539,"8,18"
zero_shot,2,12,5,11.604687690734863,"1,6"
zero_shot,2,12,6,14.65173625946045,"9,15"
zero_shot,2,12,7,15.262978553771973,"1,8"
zero_shot,2,12,8,10.3204927444458,"3,20"
zero_shot,2,12,9,16.450664520263672,"2,9"
zero_shot,4,12,0,10.26051139831543,"1,7,14,19"
zero_shot,4,12,1,9.929856300354004,"7,11,16,17"
zero_shot,4,12,2,9.522575378417969,"2,6,8,10"
zero_shot,4,12,3,10.806721687316895,"10,11,18,19"
zero_shot,4,12,4,9.056866645812988,"3,4,7,15"
zero_shot,4,12,5,10.23991870880127,"1,8,14,16"
zero_shot,4,12,6,10.205618858337402,"6,7,11,16"
zero_shot,4,12,7,10.600735664367676,"7,8,11,15"
zero_shot,4,12,8,9.74697494506836,"5,6,10,14"
zero_shot,4,12,9,10.674286842346191,"4,5,18,19"
zero_shot,8,12,0,9.254693984985352,"2,3,6,7,10,11,13,14"
zero_shot,8,12,1,10.75594711303711,"1,2,5,9,10,13,14,17"
zero_shot,8,12,2,9.616006851196289,"2,6,8,9,10,18,19,20"
zero_shot,8,12,3,10.336114883422852,"1,2,4,6,7,8,9,13"
zero_shot,8,12,4,9.764047622680664,"3,4,5,6,10,11,13,14"
zero_shot,8,12,5,9.948399543762207,"3,4,11,13,14,15,16,20"
zero_shot,8,12,6,9.550336837768555,"5,8,10,14,15,16,18,19"
zero_shot,8,12,7,11.270332336425781,"2,5,8,9,11,13,14,16"
zero_shot,8,12,8,9.815589904785156,"1,3,6,9,10,13,16,20"
zero_shot,8,12,9,10.349621772766113,"1,3,5,6,9,13,14,15"
zero_shot,16,12,0,9.53174114227295,"1,2,5,6,7,8,9,10,11,13,14,15,16,18,19,20"
zero_shot,16,12,1,9.45615005493164,"1,2,3,4,5,6,7,8,9,10,11,13,14,16,18,20"
zero_shot,16,12,2,9.433684349060059,"1,2,4,6,7,8,9,10,11,13,14,15,17,18,19,20"
zero_shot,16,12,3,9.148823738098145,"1,2,4,5,6,7,8,9,10,14,15,16,17,18,19,20"
zero_shot,16,12,4,9.662790298461914,"1,3,4,5,6,8,9,10,11,13,14,15,16,17,19,20"
zero_shot,16,12,5,9.262961387634277,"1,4,5,6,7,8,10,11,13,14,15,16,17,18,19,20"
zero_shot,16,12,6,9.064702987670898,"1,2,3,4,5,6,7,10,11,13,14,15,17,18,19,20"
zero_shot,16,12,7,9.254328727722168,"1,2,3,4,5,6,7,8,9,10,11,14,16,17,18,19"
zero_shot,16,12,8,9.187311172485352,"1,2,3,4,5,6,7,8,9,10,11,14,15,16,18,20"
zero_shot,16,12,9,9.116464614868164,"1,2,3,4,6,7,8,9,10,11,14,15,16,18,19,20"
zero_shot,1,13,0,19.67001724243164,2
zero_shot,1,13,1,16.90553092956543,15
zero_shot,1,13,2,20.759092330932617,19
zero_shot,1,13,3,20.49614715576172,8
zero_shot,1,13,4,15.655929565429688,10
zero_shot,1,13,5,16.5759334564209,14
zero_shot,1,13,6,16.5759334564209,14
zero_shot,1,13,7,19.73993682861328,17
zero_shot,1,13,8,20.49614715576172,8
zero_shot,1,13,9,21.046762466430664,9
zero_shot,2,13,0,14.69211483001709,"4,19"
zero_shot,2,13,1,15.360633850097656,"11,20"
zero_shot,2,13,2,15.126769065856934,"6,17"
zero_shot,2,13,3,16.231521606445312,"5,15"
zero_shot,2,13,4,15.90477180480957,"1,19"
zero_shot,2,13,5,15.09162425994873,"3,19"
zero_shot,2,13,6,14.892536163330078,"1,15"
zero_shot,2,13,7,14.969411849975586,"17,20"
zero_shot,2,13,8,15.302970886230469,"2,10"
zero_shot,2,13,9,15.858599662780762,"19,20"
zero_shot,4,13,0,13.9793701171875,"1,3,16,19"
zero_shot,4,13,1,14.860224723815918,"2,5,6,16"
zero_shot,4,13,2,14.344523429870605,"1,10,12,18"
zero_shot,4,13,3,14.48332405090332,"8,12,18,19"
zero_shot,4,13,4,13.856289863586426,"10,11,12,20"
zero_shot,4,13,5,14.069828987121582,"1,2,6,14"
zero_shot,4,13,6,13.941864967346191,"14,17,19,20"
zero_shot,4,13,7,14.341580390930176,"2,4,12,20"
zero_shot,4,13,8,14.092381477355957,"3,4,6,8"
zero_shot,4,13,9,13.542591094970703,"9,10,14,16"
zero_shot,8,13,0,13.69106388092041,"4,6,7,15,16,18,19,20"
zero_shot,8,13,1,13.971656799316406,"1,2,4,5,9,12,16,18"
zero_shot,8,13,2,14.20667552947998,"2,4,5,9,10,15,17,19"
zero_shot,8,13,3,13.387458801269531,"2,3,6,11,12,15,16,20"
zero_shot,8,13,4,14.202341079711914,"1,2,3,7,10,18,19,20"
zero_shot,8,13,5,13.814740180969238,"2,3,4,6,8,11,18,20"
zero_shot,8,13,6,13.274846076965332,"3,4,5,6,12,14,16,17"
zero_shot,8,13,7,13.792754173278809,"2,5,8,11,14,16,17,20"
zero_shot,8,13,8,14.296247482299805,"1,2,4,6,8,12,19,20"
zero_shot,8,13,9,14.159045219421387,"1,7,8,10,11,15,19,20"
zero_shot,16,13,0,13.436059951782227,"1,2,3,5,6,7,8,9,10,11,12,14,15,16,17,20"
zero_shot,16,13,1,13.338011741638184,"2,3,4,7,8,9,10,11,12,14,15,16,17,18,19,20"
zero_shot,16,13,2,13.570140838623047,"1,2,3,4,5,7,8,9,10,11,12,14,16,17,19,20"
zero_shot,16,13,3,13.335095405578613,"1,2,3,4,5,6,7,8,9,10,11,12,14,15,16,17"
zero_shot,16,13,4,13.463913917541504,"1,2,3,4,5,6,7,8,9,11,12,15,16,17,18,20"
zero_shot,16,13,5,13.471348762512207,"1,2,3,4,6,8,9,10,11,14,15,16,17,18,19,20"
zero_shot,16,13,6,13.562098503112793,"1,3,4,5,6,7,8,9,10,11,12,14,16,17,18,19"
zero_shot,16,13,7,13.353081703186035,"1,3,4,5,6,7,8,10,11,12,14,15,16,17,18,19"
zero_shot,16,13,8,13.614253997802734,"1,2,4,5,7,8,9,10,12,14,15,16,17,18,19,20"
zero_shot,16,13,9,13.514785766601562,"1,2,3,4,7,8,9,10,11,12,14,16,17,18,19,20"
zero_shot,1,14,0,10.769460678100586,6
zero_shot,1,14,1,11.719813346862793,11
zero_shot,1,14,2,10.823410034179688,12
zero_shot,1,14,3,10.769460678100586,6
zero_shot,1,14,4,10.111503601074219,4
zero_shot,1,14,5,13.442569732666016,18
zero_shot,1,14,6,10.851318359375,1
zero_shot,1,14,7,10.111503601074219,4
zero_shot,1,14,8,9.516194343566895,3
zero_shot,1,14,9,18.813404083251953,8
zero_shot,2,14,0,10.19451904296875,"2,6"
zero_shot,2,14,1,9.145074844360352,"7,11"
zero_shot,2,14,2,11.619855880737305,"5,13"
zero_shot,2,14,3,10.45309829711914,"6,13"
zero_shot,2,14,4,12.796025276184082,"9,13"
zero_shot,2,14,5,13.400327682495117,"8,13"
zero_shot,2,14,6,10.75353717803955,"3,18"
zero_shot,2,14,7,10.560721397399902,"12,18"
zero_shot,2,14,8,13.746058464050293,"8,19"
zero_shot,2,14,9,9.112381935119629,"6,16"
zero_shot,4,14,0,9.603404998779297,"1,4,6,15"
zero_shot,4,14,1,9.97019100189209,"3,5,15,19"
zero_shot,4,14,2,10.451499938964844,"4,5,7,20"
zero_shot,4,14,3,8.812347412109375,"3,7,15,17"
zero_shot,4,14,4,9.718802452087402,"4,10,18,19"
zero_shot,4,14,5,10.5057954788208,"8,13,15,16"
zero_shot,4,14,6,10.018401145935059,"3,5,8,12"
zero_shot,4,14,7,10.829431533813477,"2,9,10,20"
zero_shot,4,14,8,8.827949523925781,"2,3,5,16"
zero_shot,4,14,9,9.423749923706055,"5,6,7,11"
zero_shot,8,14,0,9.112913131713867,"4,6,7,8,10,13,18,19"
zero_shot,8,14,1,9.355121612548828,"1,3,5,10,12,13,15,17"
zero_shot,8,14,2,10.16777515411377,"1,2,6,7,9,18,19,20"
zero_shot,8,14,3,9.554525375366211,"2,5,6,13,15,18,19,20"
zero_shot,8,14,4,8.595060348510742,"3,5,6,8,10,11,16,17"
zero_shot,8,14,5,9.183367729187012,"4,6,7,8,11,13,15,20"
zero_shot,8,14,6,9.143282890319824,"1,2,5,10,13,15,16,19"
zero_shot,8,14,7,10.099550247192383,"8,9,10,11,13,16,18,20"
zero_shot,8,14,8,8.642852783203125,"1,3,5,7,10,13,16,19"
zero_shot,8,14,9,9.257744789123535,"5,6,8,11,12,13,17,19"
zero_shot,16,14,0,8.796629905700684,"1,3,4,6,7,8,9,10,11,12,13,15,16,17,18,19"
zero_shot,16,14,1,9.07697868347168,"1,2,4,5,6,7,9,10,11,12,13,15,16,17,19,20"
zero_shot,16,14,2,8.931032180786133,"1,2,3,4,5,7,8,9,10,12,13,15,16,17,19,20"
zero_shot,16,14,3,8.995925903320312,"1,2,3,4,5,6,7,8,9,10,11,13,15,16,18,19"
zero_shot,16,14,4,9.123496055603027,"1,2,3,4,5,6,7,8,9,11,13,15,16,18,19,20"
zero_shot,16,14,5,9.274938583374023,"1,4,5,7,8,9,10,11,12,13,15,16,17,18,19,20"
zero_shot,16,14,6,8.736468315124512,"1,3,4,5,6,7,8,10,12,13,15,16,17,18,19,20"
zero_shot,16,14,7,8.986976623535156,"1,2,3,4,5,6,7,9,10,11,13,16,17,18,19,20"
zero_shot,16,14,8,9.236696243286133,"3,4,5,6,7,8,9,10,11,12,13,15,17,18,19,20"
zero_shot,16,14,9,8.765579223632812,"1,2,3,4,5,6,7,9,10,11,12,13,16,17,18,19"
zero_shot,1,15,0,30.2750301361084,13
zero_shot,1,15,1,21.864347457885742,2
zero_shot,1,15,2,15.627152442932129,3
zero_shot,1,15,3,38.50901412963867,9
zero_shot,1,15,4,37.74016571044922,19
zero_shot,1,15,5,20.973403930664062,8
zero_shot,1,15,6,12.539670944213867,10
zero_shot,1,15,7,12.029435157775879,12
zero_shot,1,15,8,30.2750301361084,13
zero_shot,1,15,9,21.818387985229492,11
zero_shot,2,15,0,29.573577880859375,"18,19"
zero_shot,2,15,1,11.48311710357666,"2,10"
zero_shot,2,15,2,15.81701946258545,"7,17"
zero_shot,2,15,3,14.21183967590332,"12,13"
zero_shot,2,15,4,22.31096076965332,"9,17"
zero_shot,2,15,5,22.318742752075195,"14,18"
zero_shot,2,15,6,13.398162841796875,"7,20"
zero_shot,2,15,7,14.226675033569336,"11,16"
zero_shot,2,15,8,13.802730560302734,"5,17"
zero_shot,2,15,9,16.116666793823242,"7,18"
zero_shot,4,15,0,11.435789108276367,"7,10,12,17"
zero_shot,4,15,1,14.25921630859375,"1,3,9,16"
zero_shot,4,15,2,14.64693832397461,"1,3,7,19"
zero_shot,4,15,3,12.525075912475586,"12,13,16,20"
zero_shot,4,15,4,19.68802833557129,"1,2,9,11"
zero_shot,4,15,5,12.148762702941895,"10,11,13,20"
zero_shot,4,15,6,14.068538665771484,"1,4,5,9"
zero_shot,4,15,7,13.011778831481934,"1,7,12,13"
zero_shot,4,15,8,13.037673950195312,"4,9,12,18"
zero_shot,4,15,9,11.65737247467041,"3,4,16,20"
zero_shot,8,15,0,12.721919059753418,"1,3,7,13,16,18,19,20"
zero_shot,8,15,1,12.17140007019043,"4,5,6,7,9,12,13,18"
zero_shot,8,15,2,12.584183692932129,"3,5,6,8,11,12,14,20"
zero_shot,8,15,3,14.171089172363281,"1,2,6,7,9,12,13,19"
zero_shot,8,15,4,12.26846981048584,"3,9,12,14,16,18,19,20"
zero_shot,8,15,5,11.379961967468262,"4,5,7,9,10,13,17,20"
zero_shot,8,15,6,12.998733520507812,"5,8,9,12,13,17,19,20"
zero_shot,8,15,7,13.868854522705078,"1,2,4,6,8,11,18,20"
zero_shot,8,15,8,13.070531845092773,"1,5,6,7,9,12,13,18"
zero_shot,8,15,9,12.944188117980957,"2,4,5,6,8,14,16,20"
zero_shot,16,15,0,12.556319236755371,"1,2,3,5,6,7,8,9,11,12,13,14,17,18,19,20"
zero_shot,16,15,1,11.718886375427246,"1,2,3,5,6,7,8,9,10,11,12,13,14,16,18,20"
zero_shot,16,15,2,11.96058464050293,"1,2,3,4,5,6,7,8,9,10,11,14,16,17,18,19"
zero_shot,16,15,3,11.40136432647705,"1,2,3,4,5,6,9,10,11,12,13,14,16,17,18,20"
zero_shot,16,15,4,11.59858226776123,"1,4,5,6,7,9,10,11,12,13,14,16,17,18,19,20"
zero_shot,16,15,5,11.550322532653809,"1,2,3,4,5,6,7,8,10,11,12,14,16,17,18,20"
zero_shot,16,15,6,11.709368705749512,"2,4,5,6,7,8,9,10,11,12,13,14,16,17,19,20"
zero_shot,16,15,7,11.552416801452637,"1,2,3,4,5,6,7,8,9,10,11,12,13,14,16,20"
zero_shot,16,15,8,11.889459609985352,"1,2,3,4,5,6,7,8,9,11,12,13,16,17,18,20"
zero_shot,16,15,9,11.372831344604492,"1,2,3,4,5,6,7,10,12,13,14,16,17,18,19,20"
zero_shot,1,16,0,18.85299301147461,8
zero_shot,1,16,1,14.679631233215332,14
zero_shot,1,16,2,10.247047424316406,4
zero_shot,1,16,3,31.678359985351562,9
zero_shot,1,16,4,22.247806549072266,17
zero_shot,1,16,5,13.823941230773926,5
zero_shot,1,16,6,11.67003059387207,10
zero_shot,1,16,7,18.092145919799805,11
zero_shot,1,16,8,20.272510528564453,2
zero_shot,1,16,9,16.635725021362305,20
zero_shot,2,16,0,10.62464427947998,"6,17"
zero_shot,2,16,1,16.04395866394043,"9,15"
zero_shot,2,16,2,13.426010131835938,"1,10"
zero_shot,2,16,3,11.332356452941895,"4,13"
zero_shot,2,16,4,13.293866157531738,"15,17"
zero_shot,2,16,5,16.0275821685791,"13,15"
zero_shot,2,16,6,17.966590881347656,"9,14"
zero_shot,2,16,7,12.911288261413574,"5,11"
zero_shot,2,16,8,12.513263702392578,"11,20"
zero_shot,2,16,9,14.443830490112305,"11,13"
zero_shot,4,16,0,15.741403579711914,"2,3,18,19"
zero_shot,4,16,1,15.437296867370605,"7,9,12,18"
zero_shot,4,16,2,9.055811882019043,"3,6,14,15"
zero_shot,4,16,3,11.861523628234863,"2,7,13,19"
zero_shot,4,16,4,14.362787246704102,"1,8,11,14"
zero_shot,4,16,5,12.640204429626465,"1,7,19,20"
zero_shot,4,16,6,12.925664901733398,"2,5,11,15"
zero_shot,4,16,7,9.29186725616455,"3,6,8,11"
zero_shot,4,16,8,10.772859573364258,"4,10,12,18"
zero_shot,4,16,9,13.6981201171875,"1,3,5,19"
zero_shot,8,16,0,11.901701927185059,"1,3,5,13,17,18,19,20"
zero_shot,8,16,1,9.619234085083008,"1,2,3,5,6,10,15,18"
zero_shot,8,16,2,12.144967079162598,"1,5,9,14,15,18,19,20"
zero_shot,8,16,3,9.054524421691895,"2,4,7,10,11,13,14,15"
zero_shot,8,16,4,9.039751052856445,"3,4,6,7,8,11,17,20"
zero_shot,8,16,5,10.283202171325684,"1,5,6,7,9,10,14,18"
zero_shot,8,16,6,9.33323860168457,"4,5,6,7,8,11,12,13"
zero_shot,8,16,7,9.567461013793945,"1,2,3,4,6,15,18,19"
zero_shot,8,16,8,9.290371894836426,"1,2,3,4,5,6,13,17"
zero_shot,8,16,9,9.938840866088867,"1,3,6,7,8,10,18,19"
zero_shot,16,16,0,8.886794090270996,"2,3,4,5,6,7,8,9,10,11,12,13,14,15,19,20"
zero_shot,16,16,1,9.042819023132324,"1,2,3,4,5,6,8,9,11,13,14,15,17,18,19,20"
zero_shot,16,16,2,9.276744842529297,"1,2,3,4,5,6,7,10,11,12,13,15,17,18,19,20"
zero_shot,16,16,3,9.19119930267334,"1,2,3,5,6,7,8,9,10,11,13,14,15,17,18,19"
zero_shot,16,16,4,9.000494956970215,"1,2,3,4,5,6,7,8,10,11,12,13,14,15,18,19"
zero_shot,16,16,5,9.314962387084961,"1,2,3,4,5,6,8,9,10,11,12,14,17,18,19,20"
zero_shot,16,16,6,9.128958702087402,"2,3,4,5,6,7,8,9,11,13,14,15,17,18,19,20"
zero_shot,16,16,7,9.009703636169434,"1,2,3,4,5,6,7,8,9,10,13,14,15,17,18,19"
zero_shot,16,16,8,8.713601112365723,"1,3,4,5,6,7,8,10,11,12,13,14,15,17,19,20"
zero_shot,16,16,9,8.991354942321777,"2,4,5,6,7,8,9,10,11,12,13,14,15,17,18,19"
zero_shot,1,17,0,15.770350456237793,12
zero_shot,1,17,1,24.04680633544922,9
zero_shot,1,17,2,24.165620803833008,8
zero_shot,1,17,3,17.01979637145996,20
zero_shot,1,17,4,14.034011840820312,16
zero_shot,1,17,5,24.165620803833008,8
zero_shot,1,17,6,20.908584594726562,2
zero_shot,1,17,7,14.3399658203125,3
zero_shot,1,17,8,15.660544395446777,14
zero_shot,1,17,9,23.45677947998047,18
zero_shot,2,17,0,15.233813285827637,"7,20"
zero_shot,2,17,1,15.877969741821289,"5,16"
zero_shot,2,17,2,14.986688613891602,"11,16"
zero_shot,2,17,3,16.071556091308594,"8,16"
zero_shot,2,17,4,17.265708923339844,"11,14"
zero_shot,2,17,5,17.88251495361328,"9,14"
zero_shot,2,17,6,18.06177520751953,"1,8"
zero_shot,2,17,7,14.445040702819824,"1,14"
zero_shot,2,17,8,15.894881248474121,"2,6"
zero_shot,2,17,9,15.926765441894531,"8,10"
zero_shot,4,17,0,14.113798141479492,"6,12,13,15"
zero_shot,4,17,1,13.889244079589844,"4,11,14,19"
zero_shot,4,17,2,14.794136047363281,"1,6,7,18"
zero_shot,4,17,3,14.188364028930664,"1,5,6,14"
zero_shot,4,17,4,14.47153377532959,"4,10,18,20"
zero_shot,4,17,5,14.429845809936523,"5,6,12,19"
zero_shot,4,17,6,14.99949836730957,"5,13,16,20"
zero_shot,4,17,7,14.256393432617188,"1,3,5,7"
zero_shot,4,17,8,14.356185913085938,"3,8,11,14"
zero_shot,4,17,9,14.195053100585938,"6,10,13,15"
zero_shot,8,17,0,13.323495864868164,"3,6,7,8,11,15,16,19"
zero_shot,8,17,1,14.070160865783691,"1,6,7,8,9,10,11,20"
zero_shot,8,17,2,13.758831024169922,"1,3,7,8,11,14,16,18"
zero_shot,8,17,3,13.131003379821777,"3,4,5,7,9,11,16,19"
zero_shot,8,17,4,13.620447158813477,"1,5,6,7,12,14,18,20"
zero_shot,8,17,5,13.39272689819336,"1,3,5,12,14,16,18,19"
zero_shot,8,17,6,13.451375007629395,"2,3,9,10,13,14,15,19"
zero_shot,8,17,7,13.48997974395752,"4,5,6,9,12,14,15,18"
zero_shot,8,17,8,14.169769287109375,"2,6,7,8,9,11,12,20"
zero_shot,8,17,9,13.724204063415527,"5,6,9,12,14,15,18,19"
zero_shot,16,17,0,13.257197380065918,"1,2,3,4,5,6,8,9,10,11,13,14,15,16,18,20"
zero_shot,16,17,1,13.192547798156738,"1,2,3,4,5,6,7,8,10,12,13,14,15,18,19,20"
zero_shot,16,17,2,13.052178382873535,"1,2,3,4,5,6,7,8,10,11,12,13,14,16,19,20"
zero_shot,16,17,3,13.149868965148926,"1,2,3,4,5,6,7,8,9,12,13,14,15,16,19,20"
zero_shot,16,17,4,13.005899429321289,"2,3,4,5,6,7,8,10,12,13,14,15,16,18,19,20"
zero_shot,16,17,5,13.178886413574219,"1,2,3,5,6,7,9,10,11,12,13,14,15,18,19,20"
zero_shot,16,17,6,13.273872375488281,"1,3,5,6,7,8,9,11,12,13,14,15,16,18,19,20"
zero_shot,16,17,7,12.945767402648926,"1,3,4,5,7,8,9,10,11,12,13,14,15,16,19,20"
zero_shot,16,17,8,13.446272850036621,"1,2,3,4,6,7,8,9,10,12,14,15,16,18,19,20"
zero_shot,16,17,9,13.080010414123535,"1,2,3,4,5,6,9,10,12,13,14,15,16,18,19,20"
zero_shot,1,18,0,19.480003356933594,19
zero_shot,1,18,1,16.300003051757812,1
zero_shot,1,18,2,25.888694763183594,13
zero_shot,1,18,3,22.977399826049805,9
zero_shot,1,18,4,18.26552963256836,11
zero_shot,1,18,5,15.48751163482666,16
zero_shot,1,18,6,17.375463485717773,15
zero_shot,1,18,7,16.387191772460938,5
zero_shot,1,18,8,15.28164291381836,14
zero_shot,1,18,9,18.26552963256836,11
zero_shot,2,18,0,15.167583465576172,"1,9"
zero_shot,2,18,1,15.252778053283691,"9,12"
zero_shot,2,18,2,13.821331024169922,"4,19"
zero_shot,2,18,3,12.65504264831543,"3,7"
zero_shot,2,18,4,15.676499366760254,"8,10"
zero_shot,2,18,5,14.765122413635254,"7,13"
zero_shot,2,18,6,15.748520851135254,"3,9"
zero_shot,2,18,7,16.46294593811035,"5,11"
zero_shot,2,18,8,14.254748344421387,"12,19"
zero_shot,2,18,9,15.097318649291992,"4,5"
zero_shot,4,18,0,13.827730178833008,"6,9,10,20"
zero_shot,4,18,1,14.57298469543457,"6,16,17,20"
zero_shot,4,18,2,13.075886726379395,"7,8,15,16"
zero_shot,4,18,3,14.544634819030762,"5,6,8,9"
zero_shot,4,18,4,14.226567268371582,"1,3,9,13"
zero_shot,4,18,5,12.835156440734863,"2,7,12,14"
zero_shot,4,18,6,14.046187400817871,"1,6,8,10"
zero_shot,4,18,7,13.762847900390625,"2,10,11,15"
zero_shot,4,18,8,14.384289741516113,"2,4,5,11"
zero_shot,4,18,9,13.107030868530273,"3,7,8,16"
zero_shot,8,18,0,13.340511322021484,"2,7,8,9,11,12,16,20"
zero_shot,8,18,1,13.464914321899414,"3,4,6,8,10,11,19,20"
zero_shot,8,18,2,13.739221572875977,"1,3,9,11,13,15,16,20"
zero_shot,8,18,3,13.526317596435547,"1,3,4,5,7,10,17,19"
zero_shot,8,18,4,13.025772094726562,"3,4,5,6,8,16,17,19"
zero_shot,8,18,5,13.351612091064453,"3,4,8,9,10,15,16,19"
zero_shot,8,18,6,13.092270851135254,"7,8,9,12,15,16,19,20"
zero_shot,8,18,7,13.176637649536133,"1,2,4,8,12,13,15,17"
zero_shot,8,18,8,12.968358993530273,"2,3,5,6,7,9,12,20"
zero_shot,8,18,9,13.923452377319336,"1,2,4,12,13,15,16,17"
zero_shot,16,18,0,12.77548599243164,"1,2,3,4,5,6,7,8,11,12,13,14,15,16,19,20"
zero_shot,16,18,1,12.943334579467773,"1,2,3,4,5,6,7,8,10,11,12,13,14,17,19,20"
zero_shot,16,18,2,12.927974700927734,"2,3,4,6,7,8,9,10,11,12,13,15,16,17,19,20"
zero_shot,16,18,3,13.067424774169922,"1,2,3,5,7,9,10,11,12,13,14,15,16,17,19,20"
zero_shot,16,18,4,12.93477725982666,"1,2,3,4,5,8,9,11,12,13,14,15,16,17,19,20"
zero_shot,16,18,5,13.00182819366455,"1,3,4,5,6,7,8,9,10,11,12,14,16,17,19,20"
zero_shot,16,18,6,12.74572467803955,"2,3,4,5,6,7,8,9,10,11,12,13,14,15,17,20"
zero_shot,16,18,7,12.728205680847168,"2,3,4,5,6,7,8,9,10,12,13,14,15,17,19,20"
zero_shot,16,18,8,13.195759773254395,"1,2,5,6,7,9,10,11,12,13,14,15,16,17,19,20"
zero_shot,16,18,9,13.086771965026855,"1,2,3,4,5,7,8,9,10,11,12,13,16,17,19,20"
zero_shot,1,19,0,9.001140594482422,3
zero_shot,1,19,1,9.917475700378418,7
zero_shot,1,19,2,11.269552230834961,18
zero_shot,1,19,3,12.146668434143066,15
zero_shot,1,19,4,12.678099632263184,20
zero_shot,1,19,5,9.099233627319336,4
zero_shot,1,19,6,9.099233627319336,4
zero_shot,1,19,7,10.663697242736816,12
zero_shot,1,19,8,14.355267524719238,9
zero_shot,1,19,9,9.001140594482422,3
zero_shot,2,19,0,10.337646484375,"16,18"
zero_shot,2,19,1,9.104833602905273,"9,15"
zero_shot,2,19,2,10.455282211303711,"6,8"
zero_shot,2,19,3,9.035043716430664,"1,14"
zero_shot,2,19,4,8.418408393859863,"10,14"
zero_shot,2,19,5,9.535712242126465,"10,12"
zero_shot,2,19,6,8.508774757385254,"1,17"
zero_shot,2,19,7,9.822959899902344,"5,18"
zero_shot,2,19,8,10.218908309936523,"4,13"
zero_shot,2,19,9,8.759082794189453,"4,7"
zero_shot,4,19,0,9.247949600219727,"4,12,17,20"
zero_shot,4,19,1,9.76898193359375,"3,12,14,15"
zero_shot,4,19,2,8.601005554199219,"4,11,14,20"
zero_shot,4,19,3,8.83883285522461,"2,4,13,16"
zero_shot,4,19,4,9.0557222366333,"3,10,14,20"
zero_shot,4,19,5,8.573189735412598,"3,8,10,17"
zero_shot,4,19,6,8.698101043701172,"1,5,10,15"
zero_shot,4,19,7,9.46910285949707,"7,10,18,20"
zero_shot,4,19,8,8.587662696838379,"1,2,11,12"
zero_shot,4,19,9,9.05762767791748,"5,10,16,18"
zero_shot,8,19,0,8.669178009033203,"1,3,4,8,9,13,15,20"
zero_shot,8,19,1,8.705936431884766,"2,4,6,7,12,13,15,20"
zero_shot,8,19,2,8.515365600585938,"2,3,4,5,7,8,12,13"
zero_shot,8,19,3,8.407014846801758,"2,3,4,6,7,12,13,16"
zero_shot,8,19,4,8.352510452270508,"3,9,11,12,14,15,16,18"
zero_shot,8,19,5,8.065685272216797,"1,2,5,6,10,11,15,18"
zero_shot,8,19,6,8.288422584533691,"2,6,9,12,13,14,17,20"
zero_shot,8,19,7,8.516817092895508,"2,5,9,10,11,16,18,20"
zero_shot,8,19,8,8.60761547088623,"3,4,6,9,10,13,16,20"
zero_shot,8,19,9,8.266193389892578,"2,5,8,9,14,16,17,20"
zero_shot,16,19,0,8.011893272399902,"1,2,5,7,8,9,10,11,12,13,14,15,16,17,18,20"
zero_shot,16,19,1,8.146615028381348,"1,2,3,4,5,6,7,8,9,11,12,13,14,17,18,20"
zero_shot,16,19,2,8.19912338256836,"1,2,3,4,6,7,8,9,10,11,12,13,14,16,18,20"
zero_shot,16,19,3,8.297876358032227,"2,3,4,7,8,9,10,11,12,13,14,15,16,17,18,20"
zero_shot,16,19,4,8.175621032714844,"1,2,3,4,5,6,8,9,10,11,12,13,15,16,17,18"
zero_shot,16,19,5,8.022330284118652,"1,3,4,5,6,7,8,9,10,11,12,13,14,16,17,18"
zero_shot,16,19,6,7.93895959854126,"1,2,4,5,6,7,8,9,11,12,14,15,16,17,18,20"
zero_shot,16,19,7,8.105449676513672,"1,2,5,6,7,8,9,10,11,12,13,15,16,17,18,20"
zero_shot,16,19,8,8.01746940612793,"2,4,5,6,7,8,9,10,11,12,13,14,15,16,17,20"
zero_shot,16,19,9,8.214872360229492,"1,2,3,4,5,7,8,10,11,12,13,14,15,17,18,20"
zero_shot,1,20,0,17.766326904296875,15
zero_shot,1,20,1,23.967634201049805,6
zero_shot,1,20,2,17.19623374938965,14
zero_shot,1,20,3,14.948747634887695,16
zero_shot,1,20,4,14.948747634887695,16
zero_shot,1,20,5,22.399927139282227,18
zero_shot,1,20,6,27.149824142456055,19
zero_shot,1,20,7,14.86594009399414,10
zero_shot,1,20,8,19.236906051635742,8
zero_shot,1,20,9,17.766326904296875,15
zero_shot,2,20,0,14.7155179977417,"4,6"
zero_shot,2,20,1,18.509897232055664,"9,16"
zero_shot,2,20,2,15.005709648132324,"3,11"
zero_shot,2,20,3,17.879457473754883,"1,14"
zero_shot,2,20,4,19.417570114135742,"13,19"
zero_shot,2,20,5,15.371458053588867,"5,10"
zero_shot,2,20,6,12.611454963684082,"4,12"
zero_shot,2,20,7,20.461734771728516,"2,19"
zero_shot,2,20,8,17.111732482910156,"8,11"
zero_shot,2,20,9,17.77949333190918,"13,15"
zero_shot,4,20,0,14.546773910522461,"4,6,10,19"
zero_shot,4,20,1,13.854618072509766,"1,4,5,11"
zero_shot,4,20,2,13.151113510131836,"6,7,15,18"
zero_shot,4,20,3,16.196382522583008,"5,13,14,16"
zero_shot,4,20,4,13.16250991821289,"2,4,11,18"
zero_shot,4,20,5,13.701239585876465,"7,15,16,17"
zero_shot,4,20,6,13.44010066986084,"6,8,10,11"
zero_shot,4,20,7,14.63003921508789,"1,4,18,19"
zero_shot,4,20,8,14.089585304260254,"3,6,11,13"
zero_shot,4,20,9,13.6898832321167,"2,12,14,18"
zero_shot,8,20,0,13.46369743347168,"6,7,8,9,12,14,18,19"
zero_shot,8,20,1,13.40297794342041,"1,2,3,4,7,11,13,19"
zero_shot,8,20,2,14.105052947998047,"6,9,11,12,13,14,17,19"
zero_shot,8,20,3,13.883377075195312,"3,4,5,9,11,14,15,17"
zero_shot,8,20,4,13.525884628295898,"1,4,5,6,7,12,15,17"
zero_shot,8,20,5,14.626209259033203,"1,2,4,5,6,8,9,18"
zero_shot,8,20,6,14.11528491973877,"2,3,5,6,8,15,16,19"
zero_shot,8,20,7,13.536057472229004,"4,6,7,8,9,16,17,19"
zero_shot,8,20,8,13.248537063598633,"7,8,9,11,14,15,18,19"
zero_shot,8,20,9,13.435908317565918,"3,7,13,14,15,16,17,19"
zero_shot,16,20,0,13.652913093566895,"1,2,3,5,6,8,9,10,11,12,13,15,16,17,18,19"
zero_shot,16,20,1,13.080642700195312,"1,2,4,7,8,9,10,11,12,13,14,15,16,17,18,19"
zero_shot,16,20,2,12.976397514343262,"2,3,6,7,8,9,10,11,12,13,14,15,16,17,18,19"
zero_shot,16,20,3,13.435388565063477,"1,3,4,5,6,7,8,9,10,11,12,13,14,15,17,18"
zero_shot,16,20,4,12.91793441772461,"1,2,3,6,7,8,9,10,11,12,13,14,15,16,17,18"
zero_shot,16,20,5,13.534995079040527,"1,2,3,4,5,6,7,8,11,12,13,14,16,17,18,19"
zero_shot,16,20,6,13.31676197052002,"1,3,4,5,6,7,8,9,10,11,12,13,15,16,17,18"
zero_shot,16,20,7,13.664831161499023,"1,2,3,4,5,6,9,10,12,13,14,15,16,17,18,19"
zero_shot,16,20,8,13.412788391113281,"1,2,3,4,5,7,8,10,11,12,13,14,15,16,17,19"
zero_shot,16,20,9,13.486050605773926,"1,2,3,5,6,7,8,9,10,11,14,15,16,17,18,19"
